"","ANIO","SITIO","TRANSECTO","Sum_Abundance","LATITUD","LONGITUD"
"1",2006,"Babencho",1,4,27.86058,-115.1888
"2",2006,"Babencho",2,14,27.86058,-115.1888
"3",2006,"Babencho",3,4,27.86058,-115.1888
"4",2006,"Babencho",4,2,27.86058,-115.1888
"5",2006,"Babencho",5,0,27.86058,-115.1888
"6",2006,"Babencho",6,3,27.86058,-115.1888
"7",2006,"Babencho",7,0,27.86058,-115.1888
"8",2006,"Babencho",8,2,27.86058,-115.1888
"9",2006,"Babencho",9,0,27.86058,-115.1888
"10",2006,"Babencho",10,3,27.86058,-115.1888
"11",2006,"Babencho",11,0,27.86058,-115.1888
"12",2006,"La Dulce",1,24,27.84501,-115.1428
"13",2006,"La Dulce",2,7,27.84501,-115.1428
"14",2006,"La Dulce",3,38,27.84501,-115.1428
"15",2006,"La Dulce",4,11,27.84501,-115.1428
"16",2006,"La Dulce",5,21,27.84501,-115.1428
"17",2006,"La Dulce",6,5,27.84501,-115.1428
"18",2006,"La Dulce",7,4,27.84501,-115.1428
"19",2006,"La Dulce",8,0,27.84501,-115.1428
"20",2006,"La Dulce",9,0,27.84501,-115.1428
"21",2006,"La Dulce",10,0,27.84501,-115.1428
"22",2006,"La Dulce",11,1,27.84501,-115.1428
"23",2006,"La Dulce",12,1,27.84501,-115.1428
"24",2006,"La Plana",1,5,27.84616,-115.1653
"25",2006,"La Plana",2,2,27.84616,-115.1653
"26",2006,"La Plana",3,0,27.84616,-115.1653
"27",2006,"La Plana",4,1,27.84616,-115.1653
"28",2006,"La Plana",5,0,27.84616,-115.1653
"29",2006,"La Plana",6,7,27.84616,-115.1653
"30",2006,"La Plana",7,7,27.84616,-115.1653
"31",2006,"La Plana",8,7,27.84616,-115.1653
"32",2006,"La Plana",9,0,27.84616,-115.1653
"33",2006,"La Plana",10,13,27.84616,-115.1653
"34",2006,"La Plana",11,2,27.84616,-115.1653
"35",2006,"La Plana",12,0,27.84616,-115.1653
"36",2006,"La Plana",13,6,27.84616,-115.1653
"37",2006,"La Plana",14,7,27.84616,-115.1653
"38",2006,"La Plana",15,1,27.84616,-115.1653
"39",2006,"La Plana",16,0,27.84616,-115.1653
"40",2006,"La Plana",17,2,27.84616,-115.1653
"41",2006,"La Plana",18,5,27.84616,-115.1653
"42",2006,"La Plana",19,5,27.84616,-115.1653
"43",2006,"La Plana",20,0,27.84616,-115.1653
"44",2006,"La Plana",21,5,27.84616,-115.1653
"45",2006,"La Plana",22,3,27.84616,-115.1653
"46",2006,"La Plana",23,0,27.84616,-115.1653
"47",2006,"La Plana",24,0,27.84616,-115.1653
"48",2006,"La Plana",25,2,27.84616,-115.1653
"49",2006,"La Plana",26,5,27.84616,-115.1653
"50",2006,"La Plana",27,3,27.84616,-115.1653
"51",2006,"La Plana",28,3,27.84616,-115.1653
"52",2006,"La Plana",29,6,27.84616,-115.1653
"53",2006,"La Plana",30,2,27.84616,-115.1653
"54",2006,"Punta Prieta",1,9,27.88881,-115.1919
"55",2006,"Punta Prieta",2,12,27.88881,-115.1919
"56",2006,"Punta Prieta",3,15,27.88881,-115.1919
"57",2006,"Punta Prieta",4,3,27.88881,-115.1919
"58",2006,"Punta Prieta",5,1,27.88881,-115.1919
"59",2006,"Punta Prieta",6,5,27.88881,-115.1919
"60",2006,"Punta Prieta",7,4,27.88881,-115.1919
"61",2006,"Punta Prieta",8,1,27.88881,-115.1919
"62",2006,"Punta Prieta",9,0,27.88881,-115.1919
"63",2006,"Punta Prieta",10,0,27.88881,-115.1919
"64",2006,"Punta Prieta",11,1,27.88881,-115.1919
"65",2006,"Punta Prieta",12,0,27.88881,-115.1919
"66",2007,"Babencho",1,2,27.86058,-115.1888
"67",2007,"Babencho",2,0,27.86058,-115.1888
"68",2007,"Babencho",3,0,27.86058,-115.1888
"69",2007,"Babencho",4,0,27.86058,-115.1888
"70",2007,"Babencho",5,6,27.86058,-115.1888
"71",2007,"Babencho",6,0,27.86058,-115.1888
"72",2007,"Babencho",7,5,27.86058,-115.1888
"73",2007,"Babencho",8,0,27.86058,-115.1888
"74",2007,"Babencho",9,1,27.86058,-115.1888
"75",2007,"Babencho",10,1,27.86058,-115.1888
"76",2007,"Babencho",11,0,27.86058,-115.1888
"77",2007,"Babencho",12,0,27.86058,-115.1888
"78",2007,"Babencho",13,0,27.86058,-115.1888
"79",2007,"Babencho",14,1,27.86058,-115.1888
"80",2007,"Babencho",15,0,27.86058,-115.1888
"81",2007,"Babencho",16,0,27.86058,-115.1888
"82",2007,"La Dulce",1,7,27.84501,-115.1428
"83",2007,"La Dulce",2,4,27.84501,-115.1428
"84",2007,"La Dulce",3,4,27.84501,-115.1428
"85",2007,"La Dulce",4,2,27.84501,-115.1428
"86",2007,"La Dulce",5,12,27.84501,-115.1428
"87",2007,"La Dulce",6,2,27.84501,-115.1428
"88",2007,"La Dulce",7,18,27.84501,-115.1428
"89",2007,"La Dulce",8,3,27.84501,-115.1428
"90",2007,"La Dulce",9,6,27.84501,-115.1428
"91",2007,"La Dulce",10,0,27.84501,-115.1428
"92",2007,"La Dulce",11,14,27.84501,-115.1428
"93",2007,"La Dulce",12,0,27.84501,-115.1428
"94",2007,"La Dulce",13,18,27.84501,-115.1428
"95",2007,"La Dulce",14,1,27.84501,-115.1428
"96",2007,"La Dulce",15,8,27.84501,-115.1428
"97",2007,"La Dulce",16,5,27.84501,-115.1428
"98",2007,"La Guanera",1,22,27.87691,-115.1699
"99",2007,"La Guanera",2,9,27.87691,-115.1699
"100",2007,"La Guanera",3,3,27.87691,-115.1699
"101",2007,"La Guanera",4,9,27.87691,-115.1699
"102",2007,"La Guanera",5,46,27.87691,-115.1699
"103",2007,"La Guanera",6,10,27.87691,-115.1699
"104",2007,"La Guanera",7,24,27.87691,-115.1699
"105",2007,"La Guanera",8,8,27.87691,-115.1699
"106",2007,"La Guanera",9,3,27.87691,-115.1699
"107",2007,"La Guanera",10,2,27.87691,-115.1699
"108",2007,"La Guanera",11,4,27.87691,-115.1699
"109",2007,"La Guanera",12,1,27.87691,-115.1699
"110",2007,"La Guanera",13,8,27.87691,-115.1699
"111",2007,"La Guanera",14,1,27.87691,-115.1699
"112",2007,"La Guanera",15,12,27.87691,-115.1699
"113",2007,"La Plana",1,1,27.84616,-115.1653
"114",2007,"La Plana",2,1,27.84616,-115.1653
"115",2007,"La Plana",3,3,27.84616,-115.1653
"116",2007,"La Plana",4,13,27.84616,-115.1653
"117",2007,"La Plana",5,0,27.84616,-115.1653
"118",2007,"La Plana",6,3,27.84616,-115.1653
"119",2007,"La Plana",7,16,27.84616,-115.1653
"120",2007,"La Plana",8,18,27.84616,-115.1653
"121",2007,"La Plana",9,0,27.84616,-115.1653
"122",2007,"La Plana",10,0,27.84616,-115.1653
"123",2007,"La Plana",11,3,27.84616,-115.1653
"124",2007,"La Plana",12,4,27.84616,-115.1653
"125",2007,"La Plana",13,3,27.84616,-115.1653
"126",2007,"La Plana",14,0,27.84616,-115.1653
"127",2007,"La Plana",15,0,27.84616,-115.1653
"128",2007,"La Plana",16,4,27.84616,-115.1653
"129",2007,"La Plana",17,0,27.84616,-115.1653
"130",2007,"La Plana",18,0,27.84616,-115.1653
"131",2007,"La Plana",19,14,27.84616,-115.1653
"132",2007,"Punta Prieta",1,36,27.88881,-115.1919
"133",2007,"Punta Prieta",2,0,27.88881,-115.1919
"134",2007,"Punta Prieta",3,26,27.88881,-115.1919
"135",2007,"Punta Prieta",4,0,27.88881,-115.1919
"136",2007,"Punta Prieta",5,16,27.88881,-115.1919
"137",2007,"Punta Prieta",6,6,27.88881,-115.1919
"138",2007,"Punta Prieta",7,12,27.88881,-115.1919
"139",2007,"Punta Prieta",8,14,27.88881,-115.1919
"140",2007,"Punta Prieta",9,1,27.88881,-115.1919
"141",2007,"Punta Prieta",10,0,27.88881,-115.1919
"142",2007,"Punta Prieta",11,0,27.88881,-115.1919
"143",2007,"Punta Prieta",12,0,27.88881,-115.1919
"144",2007,"Punta Prieta",13,14,27.88881,-115.1919
"145",2007,"Punta Prieta",14,6,27.88881,-115.1919
"146",2007,"Punta Prieta",15,10,27.88881,-115.1919
"147",2007,"Punta Prieta",16,15,27.88881,-115.1919
"148",2007,"Punta Prieta",17,1,27.88881,-115.1919
"149",2007,"Punta Prieta",18,10,27.88881,-115.1919
"150",2007,"Punta Prieta",19,51,27.88881,-115.1919
"151",2008,"Babencho",1,0,27.86058,-115.1888
"152",2008,"Babencho",2,4,27.86058,-115.1888
"153",2008,"Babencho",3,3,27.86058,-115.1888
"154",2008,"Babencho",4,1,27.86058,-115.1888
"155",2008,"Babencho",5,4,27.86058,-115.1888
"156",2008,"Babencho",6,10,27.86058,-115.1888
"157",2008,"Babencho",7,1,27.86058,-115.1888
"158",2008,"Babencho",8,0,27.86058,-115.1888
"159",2008,"Babencho",9,1,27.86058,-115.1888
"160",2008,"Babencho",10,2,27.86058,-115.1888
"161",2008,"Babencho",11,3,27.86058,-115.1888
"162",2008,"Babencho",12,4,27.86058,-115.1888
"163",2008,"La Dulce",1,26,27.84501,-115.1428
"164",2008,"La Dulce",2,12,27.84501,-115.1428
"165",2008,"La Dulce",3,2,27.84501,-115.1428
"166",2008,"La Dulce",4,2,27.84501,-115.1428
"167",2008,"La Dulce",5,13,27.84501,-115.1428
"168",2008,"La Dulce",6,22,27.84501,-115.1428
"169",2008,"La Dulce",7,12,27.84501,-115.1428
"170",2008,"La Dulce",8,5,27.84501,-115.1428
"171",2008,"La Dulce",9,16,27.84501,-115.1428
"172",2008,"La Dulce",10,50,27.84501,-115.1428
"173",2008,"La Dulce",11,15,27.84501,-115.1428
"174",2008,"La Dulce",12,5,27.84501,-115.1428
"175",2008,"La Dulce",13,0,27.84501,-115.1428
"176",2008,"La Dulce",14,4,27.84501,-115.1428
"177",2008,"La Dulce",15,0,27.84501,-115.1428
"178",2008,"La Dulce",16,0,27.84501,-115.1428
"179",2008,"La Guanera",1,0,27.87691,-115.1699
"180",2008,"La Guanera",2,15,27.87691,-115.1699
"181",2008,"La Guanera",3,0,27.87691,-115.1699
"182",2008,"La Guanera",4,4,27.87691,-115.1699
"183",2008,"La Guanera",5,35,27.87691,-115.1699
"184",2008,"La Guanera",6,0,27.87691,-115.1699
"185",2008,"La Guanera",7,0,27.87691,-115.1699
"186",2008,"La Guanera",8,5,27.87691,-115.1699
"187",2008,"La Guanera",9,0,27.87691,-115.1699
"188",2008,"La Guanera",10,25,27.87691,-115.1699
"189",2008,"La Guanera",11,33,27.87691,-115.1699
"190",2008,"La Guanera",12,8,27.87691,-115.1699
"191",2008,"La Guanera",13,0,27.87691,-115.1699
"192",2008,"La Guanera",14,4,27.87691,-115.1699
"193",2008,"La Guanera",15,4,27.87691,-115.1699
"194",2008,"La Guanera",16,2,27.87691,-115.1699
"195",2008,"La Guanera",17,0,27.87691,-115.1699
"196",2008,"La Guanera",18,0,27.87691,-115.1699
"197",2008,"La Guanera",19,0,27.87691,-115.1699
"198",2008,"La Guanera",20,2,27.87691,-115.1699
"199",2008,"La Guanera",21,0,27.87691,-115.1699
"200",2008,"La Plana",1,2,27.84616,-115.1653
"201",2008,"La Plana",2,3,27.84616,-115.1653
"202",2008,"La Plana",3,7,27.84616,-115.1653
"203",2008,"La Plana",4,0,27.84616,-115.1653
"204",2008,"La Plana",5,39,27.84616,-115.1653
"205",2008,"La Plana",6,7,27.84616,-115.1653
"206",2008,"La Plana",7,5,27.84616,-115.1653
"207",2008,"La Plana",8,6,27.84616,-115.1653
"208",2008,"La Plana",9,10,27.84616,-115.1653
"209",2008,"La Plana",10,0,27.84616,-115.1653
"210",2008,"La Plana",11,5,27.84616,-115.1653
"211",2008,"La Plana",12,2,27.84616,-115.1653
"212",2008,"La Plana",13,0,27.84616,-115.1653
"213",2008,"La Plana",14,53,27.84616,-115.1653
"214",2008,"La Plana",15,2,27.84616,-115.1653
"215",2008,"La Plana",16,0,27.84616,-115.1653
"216",2008,"La Plana",17,0,27.84616,-115.1653
"217",2008,"La Plana",18,1,27.84616,-115.1653
"218",2008,"La Plana",19,1,27.84616,-115.1653
"219",2008,"Punta Prieta",1,23,27.88881,-115.1919
"220",2008,"Punta Prieta",2,0,27.88881,-115.1919
"221",2008,"Punta Prieta",3,29,27.88881,-115.1919
"222",2008,"Punta Prieta",4,0,27.88881,-115.1919
"223",2008,"Punta Prieta",5,8,27.88881,-115.1919
"224",2008,"Punta Prieta",6,2,27.88881,-115.1919
"225",2008,"Punta Prieta",7,15,27.88881,-115.1919
"226",2008,"Punta Prieta",8,16,27.88881,-115.1919
"227",2008,"Punta Prieta",9,35,27.88881,-115.1919
"228",2008,"Punta Prieta",10,56,27.88881,-115.1919
"229",2008,"Punta Prieta",11,14,27.88881,-115.1919
"230",2008,"Punta Prieta",12,0,27.88881,-115.1919
"231",2008,"Punta Prieta",13,0,27.88881,-115.1919
"232",2008,"Punta Prieta",14,6,27.88881,-115.1919
"233",2008,"Punta Prieta",15,3,27.88881,-115.1919
"234",2008,"Punta Prieta",16,3,27.88881,-115.1919
"235",2008,"Punta Prieta",17,1,27.88881,-115.1919
"236",2008,"Punta Prieta",18,0,27.88881,-115.1919
"237",2008,"Punta Prieta",19,0,27.88881,-115.1919
"238",2008,"Punta Prieta",20,0,27.88881,-115.1919
"239",2008,"Punta Prieta",21,6,27.88881,-115.1919
"240",2008,"Punta Prieta",22,3,27.88881,-115.1919
"241",2009,"Babencho",1,13,27.86058,-115.1888
"242",2009,"Babencho",2,0,27.86058,-115.1888
"243",2009,"Babencho",3,0,27.86058,-115.1888
"244",2009,"Babencho",4,0,27.86058,-115.1888
"245",2009,"Babencho",5,5,27.86058,-115.1888
"246",2009,"Babencho",6,0,27.86058,-115.1888
"247",2009,"Babencho",7,0,27.86058,-115.1888
"248",2009,"Babencho",8,1,27.86058,-115.1888
"249",2009,"Babencho",9,3,27.86058,-115.1888
"250",2009,"Babencho",10,2,27.86058,-115.1888
"251",2009,"Babencho",11,4,27.86058,-115.1888
"252",2009,"Babencho",12,1,27.86058,-115.1888
"253",2009,"Babencho",13,0,27.86058,-115.1888
"254",2009,"Babencho",14,0,27.86058,-115.1888
"255",2009,"La Dulce",1,7,27.84501,-115.1428
"256",2009,"La Dulce",2,9,27.84501,-115.1428
"257",2009,"La Dulce",3,2,27.84501,-115.1428
"258",2009,"La Dulce",4,0,27.84501,-115.1428
"259",2009,"La Dulce",5,3,27.84501,-115.1428
"260",2009,"La Dulce",6,8,27.84501,-115.1428
"261",2009,"La Dulce",7,19,27.84501,-115.1428
"262",2009,"La Dulce",8,5,27.84501,-115.1428
"263",2009,"La Dulce",9,5,27.84501,-115.1428
"264",2009,"La Dulce",10,18,27.84501,-115.1428
"265",2009,"La Dulce",11,3,27.84501,-115.1428
"266",2009,"La Dulce",12,1,27.84501,-115.1428
"267",2009,"La Dulce",13,3,27.84501,-115.1428
"268",2009,"La Dulce",14,4,27.84501,-115.1428
"269",2009,"La Dulce",15,12,27.84501,-115.1428
"270",2009,"La Dulce",16,5,27.84501,-115.1428
"271",2009,"La Dulce",17,2,27.84501,-115.1428
"272",2009,"La Dulce",18,4,27.84501,-115.1428
"273",2009,"La Dulce",19,7,27.84501,-115.1428
"274",2009,"La Dulce",20,2,27.84501,-115.1428
"275",2009,"La Dulce",21,7,27.84501,-115.1428
"276",2009,"La Dulce",22,9,27.84501,-115.1428
"277",2009,"La Dulce",23,9,27.84501,-115.1428
"278",2009,"La Dulce",24,8,27.84501,-115.1428
"279",2009,"La Dulce",25,2,27.84501,-115.1428
"280",2009,"La Guanera",1,9,27.87691,-115.1699
"281",2009,"La Guanera",2,1,27.87691,-115.1699
"282",2009,"La Guanera",3,5,27.87691,-115.1699
"283",2009,"La Guanera",4,3,27.87691,-115.1699
"284",2009,"La Guanera",5,5,27.87691,-115.1699
"285",2009,"La Guanera",6,1,27.87691,-115.1699
"286",2009,"La Guanera",7,4,27.87691,-115.1699
"287",2009,"La Guanera",8,0,27.87691,-115.1699
"288",2009,"La Guanera",9,3,27.87691,-115.1699
"289",2009,"La Guanera",10,3,27.87691,-115.1699
"290",2009,"La Guanera",11,6,27.87691,-115.1699
"291",2009,"La Guanera",12,0,27.87691,-115.1699
"292",2009,"La Guanera",13,22,27.87691,-115.1699
"293",2009,"La Guanera",14,0,27.87691,-115.1699
"294",2009,"La Guanera",15,4,27.87691,-115.1699
"295",2009,"La Guanera",16,3,27.87691,-115.1699
"296",2009,"La Guanera",17,2,27.87691,-115.1699
"297",2009,"La Guanera",18,6,27.87691,-115.1699
"298",2009,"La Guanera",19,2,27.87691,-115.1699
"299",2009,"La Guanera",20,1,27.87691,-115.1699
"300",2009,"La Guanera",21,2,27.87691,-115.1699
"301",2009,"La Guanera",22,3,27.87691,-115.1699
"302",2009,"La Guanera",23,4,27.87691,-115.1699
"303",2009,"La Plana",1,1,27.84616,-115.1653
"304",2009,"La Plana",2,0,27.84616,-115.1653
"305",2009,"La Plana",3,0,27.84616,-115.1653
"306",2009,"La Plana",4,0,27.84616,-115.1653
"307",2009,"La Plana",5,0,27.84616,-115.1653
"308",2009,"La Plana",6,4,27.84616,-115.1653
"309",2009,"La Plana",7,11,27.84616,-115.1653
"310",2009,"La Plana",8,0,27.84616,-115.1653
"311",2009,"La Plana",9,10,27.84616,-115.1653
"312",2009,"La Plana",10,1,27.84616,-115.1653
"313",2009,"La Plana",11,0,27.84616,-115.1653
"314",2009,"La Plana",12,5,27.84616,-115.1653
"315",2009,"La Plana",13,2,27.84616,-115.1653
"316",2009,"La Plana",14,4,27.84616,-115.1653
"317",2009,"La Plana",15,0,27.84616,-115.1653
"318",2009,"La Plana",16,3,27.84616,-115.1653
"319",2009,"La Plana",17,1,27.84616,-115.1653
"320",2009,"La Plana",18,0,27.84616,-115.1653
"321",2009,"La Plana",19,2,27.84616,-115.1653
"322",2009,"La Plana",20,1,27.84616,-115.1653
"323",2009,"La Plana",21,2,27.84616,-115.1653
"324",2009,"La Plana",22,1,27.84616,-115.1653
"325",2009,"La Plana",23,0,27.84616,-115.1653
"326",2009,"La Plana",24,0,27.84616,-115.1653
"327",2009,"La Plana",25,1,27.84616,-115.1653
"328",2009,"La Plana",26,2,27.84616,-115.1653
"329",2009,"Punta Prieta",1,5,27.88881,-115.1919
"330",2009,"Punta Prieta",2,1,27.88881,-115.1919
"331",2009,"Punta Prieta",3,17,27.88881,-115.1919
"332",2009,"Punta Prieta",4,0,27.88881,-115.1919
"333",2009,"Punta Prieta",5,18,27.88881,-115.1919
"334",2009,"Punta Prieta",6,0,27.88881,-115.1919
"335",2009,"Punta Prieta",7,53,27.88881,-115.1919
"336",2009,"Punta Prieta",8,0,27.88881,-115.1919
"337",2009,"Punta Prieta",9,11,27.88881,-115.1919
"338",2009,"Punta Prieta",10,5,27.88881,-115.1919
"339",2009,"Punta Prieta",11,7,27.88881,-115.1919
"340",2009,"Punta Prieta",12,2,27.88881,-115.1919
"341",2009,"Punta Prieta",13,4,27.88881,-115.1919
"342",2009,"Punta Prieta",14,13,27.88881,-115.1919
"343",2009,"Punta Prieta",15,3,27.88881,-115.1919
"344",2009,"Punta Prieta",16,4,27.88881,-115.1919
"345",2009,"Punta Prieta",17,16,27.88881,-115.1919
"346",2009,"Punta Prieta",18,7,27.88881,-115.1919
"347",2009,"Punta Prieta",19,9,27.88881,-115.1919
"348",2009,"Punta Prieta",20,4,27.88881,-115.1919
"349",2009,"Punta Prieta",21,14,27.88881,-115.1919
"350",2009,"Punta Prieta",22,6,27.88881,-115.1919
"351",2009,"Punta Prieta",23,7,27.88881,-115.1919
"352",2009,"Punta Prieta",24,2,27.88881,-115.1919
"353",2010,"Babencho",1,0,27.86058,-115.1888
"354",2010,"Babencho",2,0,27.86058,-115.1888
"355",2010,"Babencho",3,0,27.86058,-115.1888
"356",2010,"Babencho",4,0,27.86058,-115.1888
"357",2010,"Babencho",5,0,27.86058,-115.1888
"358",2010,"Babencho",6,0,27.86058,-115.1888
"359",2010,"Babencho",7,1,27.86058,-115.1888
"360",2010,"Babencho",8,0,27.86058,-115.1888
"361",2010,"Babencho",9,2,27.86058,-115.1888
"362",2010,"Babencho",10,3,27.86058,-115.1888
"363",2010,"Babencho",11,0,27.86058,-115.1888
"364",2010,"Babencho",12,0,27.86058,-115.1888
"365",2010,"Babencho",13,0,27.86058,-115.1888
"366",2010,"Babencho",14,3,27.86058,-115.1888
"367",2010,"Babencho",15,0,27.86058,-115.1888
"368",2010,"Babencho",16,0,27.86058,-115.1888
"369",2010,"Babencho",17,0,27.86058,-115.1888
"370",2010,"Babencho",18,2,27.86058,-115.1888
"371",2010,"Babencho",19,0,27.86058,-115.1888
"372",2010,"Babencho",20,0,27.86058,-115.1888
"373",2010,"Babencho",21,0,27.86058,-115.1888
"374",2010,"Babencho",22,0,27.86058,-115.1888
"375",2010,"Babencho",23,1,27.86058,-115.1888
"376",2010,"Babencho",24,0,27.86058,-115.1888
"377",2010,"Babencho",25,0,27.86058,-115.1888
"378",2010,"La Dulce",1,3,27.84501,-115.1428
"379",2010,"La Dulce",2,7,27.84501,-115.1428
"380",2010,"La Dulce",3,4,27.84501,-115.1428
"381",2010,"La Dulce",4,2,27.84501,-115.1428
"382",2010,"La Dulce",5,6,27.84501,-115.1428
"383",2010,"La Dulce",6,0,27.84501,-115.1428
"384",2010,"La Dulce",7,6,27.84501,-115.1428
"385",2010,"La Dulce",8,3,27.84501,-115.1428
"386",2010,"La Dulce",9,3,27.84501,-115.1428
"387",2010,"La Dulce",10,2,27.84501,-115.1428
"388",2010,"La Dulce",11,5,27.84501,-115.1428
"389",2010,"La Dulce",12,6,27.84501,-115.1428
"390",2010,"La Dulce",13,10,27.84501,-115.1428
"391",2010,"La Dulce",14,14,27.84501,-115.1428
"392",2010,"La Dulce",15,2,27.84501,-115.1428
"393",2010,"La Dulce",16,22,27.84501,-115.1428
"394",2010,"La Dulce",17,4,27.84501,-115.1428
"395",2010,"La Dulce",18,7,27.84501,-115.1428
"396",2010,"La Dulce",19,4,27.84501,-115.1428
"397",2010,"La Dulce",20,0,27.84501,-115.1428
"398",2010,"La Dulce",21,1,27.84501,-115.1428
"399",2010,"La Dulce",22,0,27.84501,-115.1428
"400",2010,"La Dulce",23,0,27.84501,-115.1428
"401",2010,"La Dulce",24,8,27.84501,-115.1428
"402",2010,"La Dulce",25,1,27.84501,-115.1428
"403",2010,"La Dulce",26,9,27.84501,-115.1428
"404",2010,"La Dulce",27,1,27.84501,-115.1428
"405",2010,"La Guanera",1,2,27.87691,-115.1699
"406",2010,"La Guanera",2,0,27.87691,-115.1699
"407",2010,"La Guanera",3,4,27.87691,-115.1699
"408",2010,"La Guanera",4,4,27.87691,-115.1699
"409",2010,"La Guanera",5,7,27.87691,-115.1699
"410",2010,"La Guanera",6,0,27.87691,-115.1699
"411",2010,"La Guanera",7,5,27.87691,-115.1699
"412",2010,"La Guanera",8,2,27.87691,-115.1699
"413",2010,"La Guanera",9,23,27.87691,-115.1699
"414",2010,"La Guanera",10,19,27.87691,-115.1699
"415",2010,"La Guanera",11,7,27.87691,-115.1699
"416",2010,"La Guanera",12,40,27.87691,-115.1699
"417",2010,"La Guanera",13,1,27.87691,-115.1699
"418",2010,"La Guanera",14,28,27.87691,-115.1699
"419",2010,"La Guanera",15,2,27.87691,-115.1699
"420",2010,"La Guanera",16,5,27.87691,-115.1699
"421",2010,"La Guanera",17,13,27.87691,-115.1699
"422",2010,"La Guanera",18,12,27.87691,-115.1699
"423",2010,"La Guanera",19,3,27.87691,-115.1699
"424",2010,"La Guanera",20,16,27.87691,-115.1699
"425",2010,"La Guanera",21,4,27.87691,-115.1699
"426",2010,"La Guanera",22,3,27.87691,-115.1699
"427",2010,"La Guanera",23,2,27.87691,-115.1699
"428",2010,"La Plana",1,1,27.84616,-115.1653
"429",2010,"La Plana",2,0,27.84616,-115.1653
"430",2010,"La Plana",3,0,27.84616,-115.1653
"431",2010,"La Plana",4,5,27.84616,-115.1653
"432",2010,"La Plana",5,5,27.84616,-115.1653
"433",2010,"La Plana",6,4,27.84616,-115.1653
"434",2010,"La Plana",7,3,27.84616,-115.1653
"435",2010,"La Plana",8,7,27.84616,-115.1653
"436",2010,"La Plana",9,0,27.84616,-115.1653
"437",2010,"La Plana",10,0,27.84616,-115.1653
"438",2010,"La Plana",11,0,27.84616,-115.1653
"439",2010,"La Plana",12,0,27.84616,-115.1653
"440",2010,"La Plana",13,0,27.84616,-115.1653
"441",2010,"La Plana",14,0,27.84616,-115.1653
"442",2010,"La Plana",15,0,27.84616,-115.1653
"443",2010,"La Plana",16,0,27.84616,-115.1653
"444",2010,"La Plana",17,0,27.84616,-115.1653
"445",2010,"La Plana",18,5,27.84616,-115.1653
"446",2010,"La Plana",19,2,27.84616,-115.1653
"447",2010,"La Plana",20,0,27.84616,-115.1653
"448",2010,"La Plana",21,0,27.84616,-115.1653
"449",2010,"La Plana",22,0,27.84616,-115.1653
"450",2010,"La Plana",23,0,27.84616,-115.1653
"451",2010,"La Plana",24,0,27.84616,-115.1653
"452",2010,"La Plana",25,0,27.84616,-115.1653
"453",2010,"Punta Prieta",1,0,27.88881,-115.1919
"454",2010,"Punta Prieta",2,1,27.88881,-115.1919
"455",2010,"Punta Prieta",3,0,27.88881,-115.1919
"456",2010,"Punta Prieta",4,3,27.88881,-115.1919
"457",2010,"Punta Prieta",5,2,27.88881,-115.1919
"458",2010,"Punta Prieta",6,0,27.88881,-115.1919
"459",2010,"Punta Prieta",7,25,27.88881,-115.1919
"460",2010,"Punta Prieta",8,4,27.88881,-115.1919
"461",2010,"Punta Prieta",9,0,27.88881,-115.1919
"462",2010,"Punta Prieta",10,11,27.88881,-115.1919
"463",2010,"Punta Prieta",11,4,27.88881,-115.1919
"464",2010,"Punta Prieta",12,4,27.88881,-115.1919
"465",2010,"Punta Prieta",13,3,27.88881,-115.1919
"466",2010,"Punta Prieta",14,33,27.88881,-115.1919
"467",2010,"Punta Prieta",15,9,27.88881,-115.1919
"468",2010,"Punta Prieta",16,30,27.88881,-115.1919
"469",2010,"Punta Prieta",17,4,27.88881,-115.1919
"470",2010,"Punta Prieta",18,21,27.88881,-115.1919
"471",2010,"Punta Prieta",19,19,27.88881,-115.1919
"472",2010,"Punta Prieta",20,20,27.88881,-115.1919
"473",2010,"Punta Prieta",21,4,27.88881,-115.1919
"474",2010,"Punta Prieta",22,4,27.88881,-115.1919
"475",2010,"Punta Prieta",23,0,27.88881,-115.1919
"476",2010,"Punta Prieta",24,1,27.88881,-115.1919
"477",2011,"Babencho",1,0,27.86058,-115.1888
"478",2011,"Babencho",2,1,27.86058,-115.1888
"479",2011,"Babencho",3,0,27.86058,-115.1888
"480",2011,"Babencho",4,0,27.86058,-115.1888
"481",2011,"Babencho",5,3,27.86058,-115.1888
"482",2011,"Babencho",6,0,27.86058,-115.1888
"483",2011,"Babencho",7,2,27.86058,-115.1888
"484",2011,"Babencho",8,1,27.86058,-115.1888
"485",2011,"Babencho",9,0,27.86058,-115.1888
"486",2011,"Babencho",10,1,27.86058,-115.1888
"487",2011,"Babencho",11,2,27.86058,-115.1888
"488",2011,"Babencho",12,4,27.86058,-115.1888
"489",2011,"Babencho",13,0,27.86058,-115.1888
"490",2011,"Babencho",14,0,27.86058,-115.1888
"491",2011,"Babencho",15,0,27.86058,-115.1888
"492",2011,"Babencho",16,0,27.86058,-115.1888
"493",2011,"Babencho",17,1,27.86058,-115.1888
"494",2011,"Babencho",18,0,27.86058,-115.1888
"495",2011,"Babencho",19,0,27.86058,-115.1888
"496",2011,"Babencho",20,4,27.86058,-115.1888
"497",2011,"Babencho",21,2,27.86058,-115.1888
"498",2011,"Babencho",22,0,27.86058,-115.1888
"499",2011,"La Dulce",1,3,27.84501,-115.1428
"500",2011,"La Dulce",2,0,27.84501,-115.1428
"501",2011,"La Dulce",3,0,27.84501,-115.1428
"502",2011,"La Dulce",4,0,27.84501,-115.1428
"503",2011,"La Dulce",5,8,27.84501,-115.1428
"504",2011,"La Dulce",6,2,27.84501,-115.1428
"505",2011,"La Dulce",7,2,27.84501,-115.1428
"506",2011,"La Dulce",8,2,27.84501,-115.1428
"507",2011,"La Dulce",9,1,27.84501,-115.1428
"508",2011,"La Dulce",10,4,27.84501,-115.1428
"509",2011,"La Dulce",11,10,27.84501,-115.1428
"510",2011,"La Dulce",12,1,27.84501,-115.1428
"511",2011,"La Dulce",13,5,27.84501,-115.1428
"512",2011,"La Dulce",14,5,27.84501,-115.1428
"513",2011,"La Dulce",15,0,27.84501,-115.1428
"514",2011,"La Dulce",16,1,27.84501,-115.1428
"515",2011,"La Dulce",17,0,27.84501,-115.1428
"516",2011,"La Dulce",18,3,27.84501,-115.1428
"517",2011,"La Dulce",19,2,27.84501,-115.1428
"518",2011,"La Dulce",20,4,27.84501,-115.1428
"519",2011,"La Dulce",21,4,27.84501,-115.1428
"520",2011,"La Dulce",22,3,27.84501,-115.1428
"521",2011,"La Dulce",23,7,27.84501,-115.1428
"522",2011,"La Dulce",24,5,27.84501,-115.1428
"523",2011,"La Dulce",25,3,27.84501,-115.1428
"524",2011,"La Guanera",1,1,27.87691,-115.1699
"525",2011,"La Guanera",2,9,27.87691,-115.1699
"526",2011,"La Guanera",3,1,27.87691,-115.1699
"527",2011,"La Guanera",4,0,27.87691,-115.1699
"528",2011,"La Guanera",5,0,27.87691,-115.1699
"529",2011,"La Guanera",6,3,27.87691,-115.1699
"530",2011,"La Guanera",7,9,27.87691,-115.1699
"531",2011,"La Guanera",8,24,27.87691,-115.1699
"532",2011,"La Guanera",9,0,27.87691,-115.1699
"533",2011,"La Guanera",10,10,27.87691,-115.1699
"534",2011,"La Guanera",11,5,27.87691,-115.1699
"535",2011,"La Guanera",12,3,27.87691,-115.1699
"536",2011,"La Guanera",13,37,27.87691,-115.1699
"537",2011,"La Guanera",14,16,27.87691,-115.1699
"538",2011,"La Guanera",15,30,27.87691,-115.1699
"539",2011,"La Guanera",16,12,27.87691,-115.1699
"540",2011,"La Guanera",17,5,27.87691,-115.1699
"541",2011,"La Guanera",18,8,27.87691,-115.1699
"542",2011,"La Guanera",19,2,27.87691,-115.1699
"543",2011,"La Guanera",20,12,27.87691,-115.1699
"544",2011,"La Guanera",21,18,27.87691,-115.1699
"545",2011,"La Guanera",22,9,27.87691,-115.1699
"546",2011,"La Guanera",23,5,27.87691,-115.1699
"547",2011,"La Guanera",24,10,27.87691,-115.1699
"548",2011,"La Guanera",25,33,27.87691,-115.1699
"549",2011,"La Guanera",26,26,27.87691,-115.1699
"550",2011,"La Plana",1,1,27.84616,-115.1653
"551",2011,"La Plana",2,1,27.84616,-115.1653
"552",2011,"La Plana",3,2,27.84616,-115.1653
"553",2011,"La Plana",4,0,27.84616,-115.1653
"554",2011,"La Plana",5,0,27.84616,-115.1653
"555",2011,"La Plana",6,0,27.84616,-115.1653
"556",2011,"La Plana",7,3,27.84616,-115.1653
"557",2011,"La Plana",8,0,27.84616,-115.1653
"558",2011,"La Plana",9,0,27.84616,-115.1653
"559",2011,"La Plana",10,0,27.84616,-115.1653
"560",2011,"La Plana",11,0,27.84616,-115.1653
"561",2011,"La Plana",12,0,27.84616,-115.1653
"562",2011,"La Plana",13,0,27.84616,-115.1653
"563",2011,"La Plana",14,0,27.84616,-115.1653
"564",2011,"La Plana",15,0,27.84616,-115.1653
"565",2011,"La Plana",16,5,27.84616,-115.1653
"566",2011,"La Plana",17,2,27.84616,-115.1653
"567",2011,"La Plana",18,0,27.84616,-115.1653
"568",2011,"La Plana",19,1,27.84616,-115.1653
"569",2011,"La Plana",20,0,27.84616,-115.1653
"570",2011,"La Plana",21,0,27.84616,-115.1653
"571",2011,"La Plana",22,0,27.84616,-115.1653
"572",2011,"La Plana",23,2,27.84616,-115.1653
"573",2011,"La Plana",24,0,27.84616,-115.1653
"574",2011,"La Plana",25,0,27.84616,-115.1653
"575",2011,"Punta Prieta",1,0,27.88881,-115.1919
"576",2011,"Punta Prieta",2,0,27.88881,-115.1919
"577",2011,"Punta Prieta",3,5,27.88881,-115.1919
"578",2011,"Punta Prieta",4,0,27.88881,-115.1919
"579",2011,"Punta Prieta",5,4,27.88881,-115.1919
"580",2011,"Punta Prieta",6,0,27.88881,-115.1919
"581",2011,"Punta Prieta",7,0,27.88881,-115.1919
"582",2011,"Punta Prieta",8,5,27.88881,-115.1919
"583",2011,"Punta Prieta",9,46,27.88881,-115.1919
"584",2011,"Punta Prieta",10,2,27.88881,-115.1919
"585",2011,"Punta Prieta",11,2,27.88881,-115.1919
"586",2011,"Punta Prieta",12,8,27.88881,-115.1919
"587",2011,"Punta Prieta",13,16,27.88881,-115.1919
"588",2011,"Punta Prieta",14,2,27.88881,-115.1919
"589",2011,"Punta Prieta",15,1,27.88881,-115.1919
"590",2011,"Punta Prieta",16,11,27.88881,-115.1919
"591",2011,"Punta Prieta",17,3,27.88881,-115.1919
"592",2011,"Punta Prieta",18,10,27.88881,-115.1919
"593",2011,"Punta Prieta",19,0,27.88881,-115.1919
"594",2011,"Punta Prieta",20,22,27.88881,-115.1919
"595",2011,"Punta Prieta",21,0,27.88881,-115.1919
"596",2011,"Punta Prieta",22,20,27.88881,-115.1919
"597",2011,"Punta Prieta",23,14,27.88881,-115.1919
"598",2011,"Punta Prieta",24,2,27.88881,-115.1919
"599",2011,"Punta Prieta",25,3,27.88881,-115.1919
"600",2012,"Babencho",1,3,27.86058,-115.1888
"601",2012,"Babencho",2,1,27.86058,-115.1888
"602",2012,"Babencho",3,2,27.86058,-115.1888
"603",2012,"Babencho",4,0,27.86058,-115.1888
"604",2012,"Babencho",5,1,27.86058,-115.1888
"605",2012,"Babencho",6,0,27.86058,-115.1888
"606",2012,"Babencho",7,4,27.86058,-115.1888
"607",2012,"Babencho",8,0,27.86058,-115.1888
"608",2012,"Babencho",9,0,27.86058,-115.1888
"609",2012,"Babencho",10,0,27.86058,-115.1888
"610",2012,"Babencho",11,1,27.86058,-115.1888
"611",2012,"Babencho",12,0,27.86058,-115.1888
"612",2012,"Babencho",13,0,27.86058,-115.1888
"613",2012,"Babencho",14,0,27.86058,-115.1888
"614",2012,"Babencho",15,2,27.86058,-115.1888
"615",2012,"Babencho",16,1,27.86058,-115.1888
"616",2012,"Babencho",17,0,27.86058,-115.1888
"617",2012,"Babencho",18,0,27.86058,-115.1888
"618",2012,"Babencho",19,0,27.86058,-115.1888
"619",2012,"Babencho",20,1,27.86058,-115.1888
"620",2012,"La Dulce",1,11,27.84501,-115.1428
"621",2012,"La Dulce",2,9,27.84501,-115.1428
"622",2012,"La Dulce",3,16,27.84501,-115.1428
"623",2012,"La Dulce",4,13,27.84501,-115.1428
"624",2012,"La Dulce",5,5,27.84501,-115.1428
"625",2012,"La Dulce",6,0,27.84501,-115.1428
"626",2012,"La Dulce",7,28,27.84501,-115.1428
"627",2012,"La Dulce",8,9,27.84501,-115.1428
"628",2012,"La Dulce",9,5,27.84501,-115.1428
"629",2012,"La Dulce",10,9,27.84501,-115.1428
"630",2012,"La Dulce",11,17,27.84501,-115.1428
"631",2012,"La Dulce",12,12,27.84501,-115.1428
"632",2012,"La Dulce",13,9,27.84501,-115.1428
"633",2012,"La Dulce",14,4,27.84501,-115.1428
"634",2012,"La Dulce",15,11,27.84501,-115.1428
"635",2012,"La Dulce",16,7,27.84501,-115.1428
"636",2012,"La Dulce",17,1,27.84501,-115.1428
"637",2012,"La Dulce",18,2,27.84501,-115.1428
"638",2012,"La Dulce",19,5,27.84501,-115.1428
"639",2012,"La Dulce",20,6,27.84501,-115.1428
"640",2012,"La Dulce",21,3,27.84501,-115.1428
"641",2012,"La Dulce",22,8,27.84501,-115.1428
"642",2012,"La Dulce",23,6,27.84501,-115.1428
"643",2012,"La Dulce",24,2,27.84501,-115.1428
"644",2012,"La Guanera",1,7,27.87691,-115.1699
"645",2012,"La Guanera",2,45,27.87691,-115.1699
"646",2012,"La Guanera",3,0,27.87691,-115.1699
"647",2012,"La Guanera",4,3,27.87691,-115.1699
"648",2012,"La Guanera",5,24,27.87691,-115.1699
"649",2012,"La Guanera",6,0,27.87691,-115.1699
"650",2012,"La Guanera",7,7,27.87691,-115.1699
"651",2012,"La Guanera",8,10,27.87691,-115.1699
"652",2012,"La Guanera",9,2,27.87691,-115.1699
"653",2012,"La Guanera",10,0,27.87691,-115.1699
"654",2012,"La Guanera",11,0,27.87691,-115.1699
"655",2012,"La Guanera",12,28,27.87691,-115.1699
"656",2012,"La Guanera",13,10,27.87691,-115.1699
"657",2012,"La Guanera",14,4,27.87691,-115.1699
"658",2012,"La Guanera",15,9,27.87691,-115.1699
"659",2012,"La Guanera",16,6,27.87691,-115.1699
"660",2012,"La Guanera",17,0,27.87691,-115.1699
"661",2012,"La Guanera",18,39,27.87691,-115.1699
"662",2012,"La Guanera",19,18,27.87691,-115.1699
"663",2012,"La Guanera",20,21,27.87691,-115.1699
"664",2012,"La Guanera",21,11,27.87691,-115.1699
"665",2012,"La Guanera",22,10,27.87691,-115.1699
"666",2012,"La Guanera",23,6,27.87691,-115.1699
"667",2012,"La Guanera",24,14,27.87691,-115.1699
"668",2012,"La Plana",1,0,27.84616,-115.1653
"669",2012,"La Plana",2,0,27.84616,-115.1653
"670",2012,"La Plana",3,0,27.84616,-115.1653
"671",2012,"La Plana",4,0,27.84616,-115.1653
"672",2012,"La Plana",5,0,27.84616,-115.1653
"673",2012,"La Plana",6,1,27.84616,-115.1653
"674",2012,"La Plana",7,7,27.84616,-115.1653
"675",2012,"La Plana",8,0,27.84616,-115.1653
"676",2012,"La Plana",9,0,27.84616,-115.1653
"677",2012,"La Plana",10,0,27.84616,-115.1653
"678",2012,"La Plana",11,1,27.84616,-115.1653
"679",2012,"La Plana",12,0,27.84616,-115.1653
"680",2012,"La Plana",13,0,27.84616,-115.1653
"681",2012,"La Plana",14,8,27.84616,-115.1653
"682",2012,"La Plana",15,3,27.84616,-115.1653
"683",2012,"La Plana",16,5,27.84616,-115.1653
"684",2012,"La Plana",17,18,27.84616,-115.1653
"685",2012,"La Plana",18,0,27.84616,-115.1653
"686",2012,"La Plana",19,1,27.84616,-115.1653
"687",2012,"La Plana",20,0,27.84616,-115.1653
"688",2012,"La Plana",21,4,27.84616,-115.1653
"689",2012,"La Plana",22,1,27.84616,-115.1653
"690",2012,"La Plana",23,0,27.84616,-115.1653
"691",2012,"La Plana",24,3,27.84616,-115.1653
"692",2012,"Punta Prieta",1,0,27.88881,-115.1919
"693",2012,"Punta Prieta",2,0,27.88881,-115.1919
"694",2012,"Punta Prieta",3,6,27.88881,-115.1919
"695",2012,"Punta Prieta",4,6,27.88881,-115.1919
"696",2012,"Punta Prieta",5,5,27.88881,-115.1919
"697",2012,"Punta Prieta",6,5,27.88881,-115.1919
"698",2012,"Punta Prieta",7,0,27.88881,-115.1919
"699",2012,"Punta Prieta",9,4,27.88881,-115.1919
"700",2012,"Punta Prieta",10,0,27.88881,-115.1919
"701",2012,"Punta Prieta",11,6,27.88881,-115.1919
"702",2012,"Punta Prieta",12,3,27.88881,-115.1919
"703",2012,"Punta Prieta",13,2,27.88881,-115.1919
"704",2012,"Punta Prieta",14,1,27.88881,-115.1919
"705",2012,"Punta Prieta",15,0,27.88881,-115.1919
"706",2012,"Punta Prieta",16,1,27.88881,-115.1919
"707",2012,"Punta Prieta",17,18,27.88881,-115.1919
"708",2012,"Punta Prieta",18,21,27.88881,-115.1919
"709",2012,"Punta Prieta",19,15,27.88881,-115.1919
"710",2012,"Punta Prieta",20,20,27.88881,-115.1919
"711",2012,"Punta Prieta",21,18,27.88881,-115.1919
"712",2012,"Punta Prieta",22,22,27.88881,-115.1919
"713",2012,"Punta Prieta",23,16,27.88881,-115.1919
"714",2012,"Punta Prieta",24,35,27.88881,-115.1919
"715",2013,"Babencho",1,0,27.86058,-115.1888
"716",2013,"Babencho",2,0,27.86058,-115.1888
"717",2013,"Babencho",3,0,27.86058,-115.1888
"718",2013,"Babencho",4,0,27.86058,-115.1888
"719",2013,"Babencho",5,0,27.86058,-115.1888
"720",2013,"Babencho",6,0,27.86058,-115.1888
"721",2013,"Babencho",7,2,27.86058,-115.1888
"722",2013,"Babencho",8,0,27.86058,-115.1888
"723",2013,"Babencho",9,2,27.86058,-115.1888
"724",2013,"Babencho",10,2,27.86058,-115.1888
"725",2013,"Babencho",11,0,27.86058,-115.1888
"726",2013,"Babencho",12,0,27.86058,-115.1888
"727",2013,"Babencho",13,1,27.86058,-115.1888
"728",2013,"Babencho",14,3,27.86058,-115.1888
"729",2013,"Babencho",15,0,27.86058,-115.1888
"730",2013,"Babencho",16,2,27.86058,-115.1888
"731",2013,"Babencho",17,0,27.86058,-115.1888
"732",2013,"Babencho",18,3,27.86058,-115.1888
"733",2013,"Babencho",19,1,27.86058,-115.1888
"734",2013,"Babencho",20,1,27.86058,-115.1888
"735",2013,"Babencho",21,0,27.86058,-115.1888
"736",2013,"La Dulce",1,2,27.84501,-115.1428
"737",2013,"La Dulce",2,3,27.84501,-115.1428
"738",2013,"La Dulce",3,25,27.84501,-115.1428
"739",2013,"La Dulce",4,0,27.84501,-115.1428
"740",2013,"La Dulce",5,75,27.84501,-115.1428
"741",2013,"La Dulce",6,1,27.84501,-115.1428
"742",2013,"La Dulce",7,8,27.84501,-115.1428
"743",2013,"La Dulce",8,0,27.84501,-115.1428
"744",2013,"La Dulce",9,6,27.84501,-115.1428
"745",2013,"La Dulce",10,6,27.84501,-115.1428
"746",2013,"La Dulce",11,2,27.84501,-115.1428
"747",2013,"La Dulce",12,3,27.84501,-115.1428
"748",2013,"La Dulce",13,6,27.84501,-115.1428
"749",2013,"La Dulce",14,2,27.84501,-115.1428
"750",2013,"La Dulce",15,10,27.84501,-115.1428
"751",2013,"La Dulce",16,5,27.84501,-115.1428
"752",2013,"La Dulce",17,0,27.84501,-115.1428
"753",2013,"La Dulce",18,8,27.84501,-115.1428
"754",2013,"La Dulce",19,0,27.84501,-115.1428
"755",2013,"La Dulce",20,25,27.84501,-115.1428
"756",2013,"La Guanera",1,6,27.87691,-115.1699
"757",2013,"La Guanera",2,11,27.87691,-115.1699
"758",2013,"La Guanera",3,4,27.87691,-115.1699
"759",2013,"La Guanera",4,0,27.87691,-115.1699
"760",2013,"La Guanera",5,4,27.87691,-115.1699
"761",2013,"La Guanera",6,4,27.87691,-115.1699
"762",2013,"La Guanera",7,4,27.87691,-115.1699
"763",2013,"La Guanera",8,6,27.87691,-115.1699
"764",2013,"La Guanera",9,3,27.87691,-115.1699
"765",2013,"La Guanera",10,1,27.87691,-115.1699
"766",2013,"La Guanera",11,2,27.87691,-115.1699
"767",2013,"La Guanera",12,1,27.87691,-115.1699
"768",2013,"La Guanera",13,3,27.87691,-115.1699
"769",2013,"La Guanera",14,0,27.87691,-115.1699
"770",2013,"La Guanera",15,5,27.87691,-115.1699
"771",2013,"La Guanera",16,13,27.87691,-115.1699
"772",2013,"La Guanera",17,2,27.87691,-115.1699
"773",2013,"La Guanera",18,0,27.87691,-115.1699
"774",2013,"La Guanera",19,5,27.87691,-115.1699
"775",2013,"La Guanera",20,0,27.87691,-115.1699
"776",2013,"La Plana",1,0,27.84616,-115.1653
"777",2013,"La Plana",2,0,27.84616,-115.1653
"778",2013,"La Plana",3,3,27.84616,-115.1653
"779",2013,"La Plana",4,2,27.84616,-115.1653
"780",2013,"La Plana",5,1,27.84616,-115.1653
"781",2013,"La Plana",6,0,27.84616,-115.1653
"782",2013,"La Plana",7,2,27.84616,-115.1653
"783",2013,"La Plana",8,1,27.84616,-115.1653
"784",2013,"La Plana",9,1,27.84616,-115.1653
"785",2013,"La Plana",10,0,27.84616,-115.1653
"786",2013,"La Plana",11,0,27.84616,-115.1653
"787",2013,"La Plana",12,0,27.84616,-115.1653
"788",2013,"La Plana",13,0,27.84616,-115.1653
"789",2013,"La Plana",14,2,27.84616,-115.1653
"790",2013,"La Plana",15,0,27.84616,-115.1653
"791",2013,"La Plana",16,0,27.84616,-115.1653
"792",2013,"La Plana",17,0,27.84616,-115.1653
"793",2013,"La Plana",18,0,27.84616,-115.1653
"794",2013,"La Plana",19,3,27.84616,-115.1653
"795",2013,"La Plana",20,1,27.84616,-115.1653
"796",2013,"La Plana",21,0,27.84616,-115.1653
"797",2013,"Punta Prieta",1,0,27.88881,-115.1919
"798",2013,"Punta Prieta",2,0,27.88881,-115.1919
"799",2013,"Punta Prieta",3,0,27.88881,-115.1919
"800",2013,"Punta Prieta",4,3,27.88881,-115.1919
"801",2013,"Punta Prieta",5,0,27.88881,-115.1919
"802",2013,"Punta Prieta",6,2,27.88881,-115.1919
"803",2013,"Punta Prieta",7,15,27.88881,-115.1919
"804",2013,"Punta Prieta",8,12,27.88881,-115.1919
"805",2013,"Punta Prieta",9,0,27.88881,-115.1919
"806",2013,"Punta Prieta",10,7,27.88881,-115.1919
"807",2013,"Punta Prieta",11,27,27.88881,-115.1919
"808",2013,"Punta Prieta",12,8,27.88881,-115.1919
"809",2013,"Punta Prieta",13,3,27.88881,-115.1919
"810",2013,"Punta Prieta",14,3,27.88881,-115.1919
"811",2013,"Punta Prieta",15,0,27.88881,-115.1919
"812",2013,"Punta Prieta",16,0,27.88881,-115.1919
"813",2013,"Punta Prieta",17,3,27.88881,-115.1919
"814",2013,"Punta Prieta",18,0,27.88881,-115.1919
"815",2013,"Punta Prieta",19,0,27.88881,-115.1919
"816",2013,"Punta Prieta",20,0,27.88881,-115.1919
"817",2014,"Babencho",1,2,27.86058,-115.1888
"818",2014,"Babencho",2,3,27.86058,-115.1888
"819",2014,"Babencho",3,2,27.86058,-115.1888
"820",2014,"Babencho",4,0,27.86058,-115.1888
"821",2014,"Babencho",5,1,27.86058,-115.1888
"822",2014,"Babencho",6,2,27.86058,-115.1888
"823",2014,"Babencho",7,0,27.86058,-115.1888
"824",2014,"Babencho",8,0,27.86058,-115.1888
"825",2014,"Babencho",9,2,27.86058,-115.1888
"826",2014,"Babencho",10,3,27.86058,-115.1888
"827",2014,"Babencho",11,1,27.86058,-115.1888
"828",2014,"Babencho",12,0,27.86058,-115.1888
"829",2014,"Babencho",13,0,27.86058,-115.1888
"830",2014,"Babencho",14,4,27.86058,-115.1888
"831",2014,"Babencho",15,0,27.86058,-115.1888
"832",2014,"Babencho",16,0,27.86058,-115.1888
"833",2014,"Babencho",17,0,27.86058,-115.1888
"834",2014,"Babencho",18,0,27.86058,-115.1888
"835",2014,"Babencho",19,2,27.86058,-115.1888
"836",2014,"Babencho",20,2,27.86058,-115.1888
"837",2014,"La Dulce",1,1,27.84501,-115.1428
"838",2014,"La Dulce",2,3,27.84501,-115.1428
"839",2014,"La Dulce",3,1,27.84501,-115.1428
"840",2014,"La Dulce",4,4,27.84501,-115.1428
"841",2014,"La Dulce",5,1,27.84501,-115.1428
"842",2014,"La Dulce",6,2,27.84501,-115.1428
"843",2014,"La Dulce",7,2,27.84501,-115.1428
"844",2014,"La Dulce",8,9,27.84501,-115.1428
"845",2014,"La Dulce",9,2,27.84501,-115.1428
"846",2014,"La Dulce",10,8,27.84501,-115.1428
"847",2014,"La Dulce",11,3,27.84501,-115.1428
"848",2014,"La Dulce",12,4,27.84501,-115.1428
"849",2014,"La Dulce",13,2,27.84501,-115.1428
"850",2014,"La Dulce",14,4,27.84501,-115.1428
"851",2014,"La Dulce",15,14,27.84501,-115.1428
"852",2014,"La Dulce",16,8,27.84501,-115.1428
"853",2014,"La Dulce",17,14,27.84501,-115.1428
"854",2014,"La Dulce",18,5,27.84501,-115.1428
"855",2014,"La Guanera",1,1,27.87691,-115.1699
"856",2014,"La Guanera",2,0,27.87691,-115.1699
"857",2014,"La Guanera",3,2,27.87691,-115.1699
"858",2014,"La Guanera",4,2,27.87691,-115.1699
"859",2014,"La Guanera",5,0,27.87691,-115.1699
"860",2014,"La Guanera",6,13,27.87691,-115.1699
"861",2014,"La Guanera",7,0,27.87691,-115.1699
"862",2014,"La Guanera",8,0,27.87691,-115.1699
"863",2014,"La Guanera",9,11,27.87691,-115.1699
"864",2014,"La Guanera",10,7,27.87691,-115.1699
"865",2014,"La Guanera",11,0,27.87691,-115.1699
"866",2014,"La Guanera",12,2,27.87691,-115.1699
"867",2014,"La Guanera",13,0,27.87691,-115.1699
"868",2014,"La Guanera",14,11,27.87691,-115.1699
"869",2014,"La Guanera",15,3,27.87691,-115.1699
"870",2014,"La Guanera",16,0,27.87691,-115.1699
"871",2014,"La Guanera",17,0,27.87691,-115.1699
"872",2014,"La Guanera",18,8,27.87691,-115.1699
"873",2014,"La Guanera",19,0,27.87691,-115.1699
"874",2014,"La Guanera",20,2,27.87691,-115.1699
"875",2014,"La Plana",1,0,27.84616,-115.1653
"876",2014,"La Plana",2,4,27.84616,-115.1653
"877",2014,"La Plana",3,3,27.84616,-115.1653
"878",2014,"La Plana",4,1,27.84616,-115.1653
"879",2014,"La Plana",5,0,27.84616,-115.1653
"880",2014,"La Plana",6,4,27.84616,-115.1653
"881",2014,"La Plana",7,4,27.84616,-115.1653
"882",2014,"La Plana",8,1,27.84616,-115.1653
"883",2014,"La Plana",9,3,27.84616,-115.1653
"884",2014,"La Plana",10,0,27.84616,-115.1653
"885",2014,"La Plana",11,0,27.84616,-115.1653
"886",2014,"La Plana",12,1,27.84616,-115.1653
"887",2014,"La Plana",13,0,27.84616,-115.1653
"888",2014,"La Plana",14,3,27.84616,-115.1653
"889",2014,"La Plana",15,3,27.84616,-115.1653
"890",2014,"La Plana",16,0,27.84616,-115.1653
"891",2014,"La Plana",17,0,27.84616,-115.1653
"892",2014,"La Plana",18,1,27.84616,-115.1653
"893",2014,"La Plana",19,0,27.84616,-115.1653
"894",2014,"La Plana",20,0,27.84616,-115.1653
"895",2014,"Punta Prieta",1,0,27.88881,-115.1919
"896",2014,"Punta Prieta",2,15,27.88881,-115.1919
"897",2014,"Punta Prieta",3,58,27.88881,-115.1919
"898",2014,"Punta Prieta",4,1,27.88881,-115.1919
"899",2014,"Punta Prieta",5,2,27.88881,-115.1919
"900",2014,"Punta Prieta",6,0,27.88881,-115.1919
"901",2014,"Punta Prieta",7,0,27.88881,-115.1919
"902",2014,"Punta Prieta",8,79,27.88881,-115.1919
"903",2014,"Punta Prieta",9,5,27.88881,-115.1919
"904",2014,"Punta Prieta",10,10,27.88881,-115.1919
"905",2014,"Punta Prieta",11,29,27.88881,-115.1919
"906",2014,"Punta Prieta",12,1,27.88881,-115.1919
"907",2014,"Punta Prieta",13,3,27.88881,-115.1919
"908",2014,"Punta Prieta",14,6,27.88881,-115.1919
"909",2014,"Punta Prieta",15,9,27.88881,-115.1919
"910",2014,"Punta Prieta",16,0,27.88881,-115.1919
"911",2014,"Punta Prieta",17,115,27.88881,-115.1919
"912",2014,"Punta Prieta",18,1,27.88881,-115.1919
"913",2014,"Punta Prieta",19,94,27.88881,-115.1919
"914",2014,"Punta Prieta",20,4,27.88881,-115.1919
"915",2015,"Babencho",1,0,27.86058,-115.1888
"916",2015,"Babencho",2,0,27.86058,-115.1888
"917",2015,"Babencho",3,0,27.86058,-115.1888
"918",2015,"Babencho",4,3,27.86058,-115.1888
"919",2015,"Babencho",5,2,27.86058,-115.1888
"920",2015,"Babencho",6,4,27.86058,-115.1888
"921",2015,"Babencho",7,0,27.86058,-115.1888
"922",2015,"Babencho",8,0,27.86058,-115.1888
"923",2015,"Babencho",9,0,27.86058,-115.1888
"924",2015,"Babencho",10,0,27.86058,-115.1888
"925",2015,"Babencho",11,0,27.86058,-115.1888
"926",2015,"Babencho",12,2,27.86058,-115.1888
"927",2015,"Babencho",13,2,27.86058,-115.1888
"928",2015,"Babencho",14,0,27.86058,-115.1888
"929",2015,"Babencho",15,8,27.86058,-115.1888
"930",2015,"Babencho",16,7,27.86058,-115.1888
"931",2015,"Babencho",17,0,27.86058,-115.1888
"932",2015,"Babencho",18,2,27.86058,-115.1888
"933",2015,"La Dulce",1,24,27.84501,-115.1428
"934",2015,"La Dulce",2,0,27.84501,-115.1428
"935",2015,"La Dulce",3,3,27.84501,-115.1428
"936",2015,"La Dulce",4,1,27.84501,-115.1428
"937",2015,"La Dulce",5,1,27.84501,-115.1428
"938",2015,"La Dulce",6,11,27.84501,-115.1428
"939",2015,"La Dulce",7,12,27.84501,-115.1428
"940",2015,"La Dulce",8,11,27.84501,-115.1428
"941",2015,"La Dulce",9,17,27.84501,-115.1428
"942",2015,"La Dulce",10,5,27.84501,-115.1428
"943",2015,"La Dulce",11,9,27.84501,-115.1428
"944",2015,"La Dulce",12,0,27.84501,-115.1428
"945",2015,"La Dulce",13,13,27.84501,-115.1428
"946",2015,"La Dulce",14,40,27.84501,-115.1428
"947",2015,"La Dulce",15,7,27.84501,-115.1428
"948",2015,"La Dulce",16,6,27.84501,-115.1428
"949",2015,"La Dulce",17,5,27.84501,-115.1428
"950",2015,"La Dulce",18,50,27.84501,-115.1428
"951",2015,"La Guanera",1,26,27.87691,-115.1699
"952",2015,"La Guanera",2,38,27.87691,-115.1699
"953",2015,"La Guanera",3,5,27.87691,-115.1699
"954",2015,"La Guanera",4,33,27.87691,-115.1699
"955",2015,"La Guanera",5,14,27.87691,-115.1699
"956",2015,"La Guanera",6,50,27.87691,-115.1699
"957",2015,"La Guanera",7,50,27.87691,-115.1699
"958",2015,"La Guanera",8,50,27.87691,-115.1699
"959",2015,"La Guanera",9,5,27.87691,-115.1699
"960",2015,"La Guanera",10,1,27.87691,-115.1699
"961",2015,"La Guanera",11,0,27.87691,-115.1699
"962",2015,"La Guanera",12,2,27.87691,-115.1699
"963",2015,"La Guanera",13,0,27.87691,-115.1699
"964",2015,"La Guanera",14,7,27.87691,-115.1699
"965",2015,"La Guanera",15,3,27.87691,-115.1699
"966",2015,"La Guanera",16,0,27.87691,-115.1699
"967",2015,"La Guanera",17,40,27.87691,-115.1699
"968",2015,"La Guanera",18,3,27.87691,-115.1699
"969",2015,"La Plana",1,0,27.84616,-115.1653
"970",2015,"La Plana",2,0,27.84616,-115.1653
"971",2015,"La Plana",3,0,27.84616,-115.1653
"972",2015,"La Plana",4,0,27.84616,-115.1653
"973",2015,"La Plana",5,6,27.84616,-115.1653
"974",2015,"La Plana",6,0,27.84616,-115.1653
"975",2015,"La Plana",7,1,27.84616,-115.1653
"976",2015,"La Plana",8,0,27.84616,-115.1653
"977",2015,"La Plana",9,0,27.84616,-115.1653
"978",2015,"La Plana",10,0,27.84616,-115.1653
"979",2015,"La Plana",11,0,27.84616,-115.1653
"980",2015,"La Plana",12,8,27.84616,-115.1653
"981",2015,"La Plana",13,3,27.84616,-115.1653
"982",2015,"La Plana",14,5,27.84616,-115.1653
"983",2015,"La Plana",15,8,27.84616,-115.1653
"984",2015,"La Plana",16,0,27.84616,-115.1653
"985",2015,"La Plana",17,2,27.84616,-115.1653
"986",2015,"La Plana",18,0,27.84616,-115.1653
"987",2015,"Punta Prieta",1,50,27.88881,-115.1919
"988",2015,"Punta Prieta",2,50,27.88881,-115.1919
"989",2015,"Punta Prieta",3,17,27.88881,-115.1919
"990",2015,"Punta Prieta",4,50,27.88881,-115.1919
"991",2015,"Punta Prieta",5,1,27.88881,-115.1919
"992",2015,"Punta Prieta",6,0,27.88881,-115.1919
"993",2015,"Punta Prieta",7,0,27.88881,-115.1919
"994",2015,"Punta Prieta",8,16,27.88881,-115.1919
"995",2015,"Punta Prieta",9,6,27.88881,-115.1919
"996",2015,"Punta Prieta",10,10,27.88881,-115.1919
"997",2015,"Punta Prieta",11,4,27.88881,-115.1919
"998",2015,"Punta Prieta",12,34,27.88881,-115.1919
"999",2015,"Punta Prieta",13,21,27.88881,-115.1919
"1000",2015,"Punta Prieta",14,14,27.88881,-115.1919
"1001",2015,"Punta Prieta",15,50,27.88881,-115.1919
"1002",2015,"Punta Prieta",16,6,27.88881,-115.1919
"1003",2015,"Punta Prieta",17,2,27.88881,-115.1919
"1004",2015,"Punta Prieta",18,2,27.88881,-115.1919
"1005",2016,"Babencho",1,0,27.86058,-115.1888
"1006",2016,"Babencho",2,0,27.86058,-115.1888
"1007",2016,"Babencho",3,0,27.86058,-115.1888
"1008",2016,"Babencho",4,0,27.86058,-115.1888
"1009",2016,"Babencho",5,0,27.86058,-115.1888
"1010",2016,"Babencho",6,1,27.86058,-115.1888
"1011",2016,"Babencho",7,0,27.86058,-115.1888
"1012",2016,"Babencho",8,1,27.86058,-115.1888
"1013",2016,"Babencho",9,0,27.86058,-115.1888
"1014",2016,"Babencho",10,0,27.86058,-115.1888
"1015",2016,"Babencho",11,0,27.86058,-115.1888
"1016",2016,"Babencho",12,0,27.86058,-115.1888
"1017",2016,"Babencho",13,0,27.86058,-115.1888
"1018",2016,"Babencho",14,0,27.86058,-115.1888
"1019",2016,"Babencho",15,1,27.86058,-115.1888
"1020",2016,"Babencho",16,0,27.86058,-115.1888
"1021",2016,"Babencho",17,0,27.86058,-115.1888
"1022",2016,"La Dulce",1,2,27.84501,-115.1428
"1023",2016,"La Dulce",2,2,27.84501,-115.1428
"1024",2016,"La Dulce",3,8,27.84501,-115.1428
"1025",2016,"La Dulce",4,0,27.84501,-115.1428
"1026",2016,"La Dulce",5,0,27.84501,-115.1428
"1027",2016,"La Dulce",6,26,27.84501,-115.1428
"1028",2016,"La Dulce",7,4,27.84501,-115.1428
"1029",2016,"La Dulce",8,0,27.84501,-115.1428
"1030",2016,"La Dulce",9,2,27.84501,-115.1428
"1031",2016,"La Dulce",10,2,27.84501,-115.1428
"1032",2016,"La Dulce",11,0,27.84501,-115.1428
"1033",2016,"La Dulce",12,9,27.84501,-115.1428
"1034",2016,"La Dulce",13,17,27.84501,-115.1428
"1035",2016,"La Dulce",14,0,27.84501,-115.1428
"1036",2016,"La Dulce",15,21,27.84501,-115.1428
"1037",2016,"La Dulce",16,1,27.84501,-115.1428
"1038",2016,"La Dulce",17,0,27.84501,-115.1428
"1039",2016,"La Dulce",18,14,27.84501,-115.1428
"1040",2016,"La Guanera",1,0,27.87691,-115.1699
"1041",2016,"La Guanera",2,5,27.87691,-115.1699
"1042",2016,"La Guanera",3,7,27.87691,-115.1699
"1043",2016,"La Guanera",4,1,27.87691,-115.1699
"1044",2016,"La Guanera",5,0,27.87691,-115.1699
"1045",2016,"La Guanera",6,7,27.87691,-115.1699
"1046",2016,"La Guanera",7,0,27.87691,-115.1699
"1047",2016,"La Guanera",8,7,27.87691,-115.1699
"1048",2016,"La Guanera",9,0,27.87691,-115.1699
"1049",2016,"La Guanera",10,8,27.87691,-115.1699
"1050",2016,"La Guanera",11,0,27.87691,-115.1699
"1051",2016,"La Guanera",12,0,27.87691,-115.1699
"1052",2016,"La Guanera",13,2,27.87691,-115.1699
"1053",2016,"La Guanera",14,13,27.87691,-115.1699
"1054",2016,"La Guanera",15,0,27.87691,-115.1699
"1055",2016,"La Guanera",16,9,27.87691,-115.1699
"1056",2016,"La Guanera",17,0,27.87691,-115.1699
"1057",2016,"La Guanera",18,0,27.87691,-115.1699
"1058",2016,"La Guanera",19,0,27.87691,-115.1699
"1059",2016,"La Plana",1,0,27.84616,-115.1653
"1060",2016,"La Plana",2,3,27.84616,-115.1653
"1061",2016,"La Plana",3,1,27.84616,-115.1653
"1062",2016,"La Plana",4,15,27.84616,-115.1653
"1063",2016,"La Plana",5,0,27.84616,-115.1653
"1064",2016,"La Plana",6,1,27.84616,-115.1653
"1065",2016,"La Plana",7,1,27.84616,-115.1653
"1066",2016,"La Plana",8,1,27.84616,-115.1653
"1067",2016,"La Plana",9,0,27.84616,-115.1653
"1068",2016,"La Plana",10,0,27.84616,-115.1653
"1069",2016,"La Plana",11,0,27.84616,-115.1653
"1070",2016,"La Plana",12,0,27.84616,-115.1653
"1071",2016,"La Plana",13,1,27.84616,-115.1653
"1072",2016,"La Plana",14,2,27.84616,-115.1653
"1073",2016,"La Plana",15,4,27.84616,-115.1653
"1074",2016,"La Plana",16,0,27.84616,-115.1653
"1075",2016,"La Plana",17,1,27.84616,-115.1653
"1076",2016,"La Plana",18,1,27.84616,-115.1653
"1077",2016,"Punta Prieta",1,9,27.88881,-115.1919
"1078",2016,"Punta Prieta",2,3,27.88881,-115.1919
"1079",2016,"Punta Prieta",3,2,27.88881,-115.1919
"1080",2016,"Punta Prieta",4,44,27.88881,-115.1919
"1081",2016,"Punta Prieta",5,3,27.88881,-115.1919
"1082",2016,"Punta Prieta",6,0,27.88881,-115.1919
"1083",2016,"Punta Prieta",7,0,27.88881,-115.1919
"1084",2016,"Punta Prieta",8,0,27.88881,-115.1919
"1085",2016,"Punta Prieta",9,0,27.88881,-115.1919
"1086",2016,"Punta Prieta",10,0,27.88881,-115.1919
"1087",2016,"Punta Prieta",11,50,27.88881,-115.1919
"1088",2016,"Punta Prieta",12,50,27.88881,-115.1919
"1089",2016,"Punta Prieta",13,8,27.88881,-115.1919
"1090",2016,"Punta Prieta",14,0,27.88881,-115.1919
"1091",2016,"Punta Prieta",15,0,27.88881,-115.1919
"1092",2016,"Punta Prieta",16,1,27.88881,-115.1919
"1093",2016,"Punta Prieta",17,32,27.88881,-115.1919
"1094",2016,"Punta Prieta",18,5,27.88881,-115.1919
"1095",2017,"Babencho",1,0,27.86058,-115.1888
"1096",2017,"Babencho",2,1,27.86058,-115.1888
"1097",2017,"Babencho",3,0,27.86058,-115.1888
"1098",2017,"Babencho",4,0,27.86058,-115.1888
"1099",2017,"Babencho",5,0,27.86058,-115.1888
"1100",2017,"Babencho",6,1,27.86058,-115.1888
"1101",2017,"Babencho",7,0,27.86058,-115.1888
"1102",2017,"Babencho",8,0,27.86058,-115.1888
"1103",2017,"Babencho",9,0,27.86058,-115.1888
"1104",2017,"Babencho",10,0,27.86058,-115.1888
"1105",2017,"Babencho",11,0,27.86058,-115.1888
"1106",2017,"Babencho",12,0,27.86058,-115.1888
"1107",2017,"Babencho",13,0,27.86058,-115.1888
"1108",2017,"Babencho",14,1,27.86058,-115.1888
"1109",2017,"Babencho",15,0,27.86058,-115.1888
"1110",2017,"Babencho",16,1,27.86058,-115.1888
"1111",2017,"Babencho",17,0,27.86058,-115.1888
"1112",2017,"Babencho",18,0,27.86058,-115.1888
"1113",2017,"La Dulce",1,0,27.84501,-115.1428
"1114",2017,"La Dulce",2,12,27.84501,-115.1428
"1115",2017,"La Dulce",3,7,27.84501,-115.1428
"1116",2017,"La Dulce",4,11,27.84501,-115.1428
"1117",2017,"La Dulce",5,4,27.84501,-115.1428
"1118",2017,"La Dulce",6,1,27.84501,-115.1428
"1119",2017,"La Dulce",7,4,27.84501,-115.1428
"1120",2017,"La Dulce",8,0,27.84501,-115.1428
"1121",2017,"La Dulce",9,0,27.84501,-115.1428
"1122",2017,"La Dulce",10,6,27.84501,-115.1428
"1123",2017,"La Dulce",11,0,27.84501,-115.1428
"1124",2017,"La Dulce",12,0,27.84501,-115.1428
"1125",2017,"La Dulce",13,24,27.84501,-115.1428
"1126",2017,"La Dulce",14,1,27.84501,-115.1428
"1127",2017,"La Dulce",15,3,27.84501,-115.1428
"1128",2017,"La Dulce",16,9,27.84501,-115.1428
"1129",2017,"La Dulce",17,0,27.84501,-115.1428
"1130",2017,"La Guanera",1,0,27.87691,-115.1699
"1131",2017,"La Guanera",2,0,27.87691,-115.1699
"1132",2017,"La Guanera",3,0,27.87691,-115.1699
"1133",2017,"La Guanera",4,30,27.87691,-115.1699
"1134",2017,"La Guanera",5,2,27.87691,-115.1699
"1135",2017,"La Guanera",6,19,27.87691,-115.1699
"1136",2017,"La Guanera",7,3,27.87691,-115.1699
"1137",2017,"La Guanera",8,19,27.87691,-115.1699
"1138",2017,"La Guanera",9,7,27.87691,-115.1699
"1139",2017,"La Guanera",10,6,27.87691,-115.1699
"1140",2017,"La Guanera",11,11,27.87691,-115.1699
"1141",2017,"La Guanera",12,19,27.87691,-115.1699
"1142",2017,"La Guanera",13,9,27.87691,-115.1699
"1143",2017,"La Guanera",14,8,27.87691,-115.1699
"1144",2017,"La Guanera",15,11,27.87691,-115.1699
"1145",2017,"La Guanera",16,20,27.87691,-115.1699
"1146",2017,"La Guanera",17,0,27.87691,-115.1699
"1147",2017,"La Guanera",18,0,27.87691,-115.1699
"1148",2017,"La Guanera",19,11,27.87691,-115.1699
"1149",2017,"La Guanera",20,2,27.87691,-115.1699
"1150",2017,"La Guanera",21,0,27.87691,-115.1699
"1151",2017,"La Guanera",22,0,27.87691,-115.1699
"1152",2017,"La Guanera",23,18,27.87691,-115.1699
"1153",2017,"La Guanera",24,6,27.87691,-115.1699
"1154",2017,"La Guanera",25,1,27.87691,-115.1699
"1155",2017,"La Plana",1,0,27.84616,-115.1653
"1156",2017,"La Plana",2,1,27.84616,-115.1653
"1157",2017,"La Plana",3,0,27.84616,-115.1653
"1158",2017,"La Plana",4,6,27.84616,-115.1653
"1159",2017,"La Plana",5,0,27.84616,-115.1653
"1160",2017,"La Plana",6,0,27.84616,-115.1653
"1161",2017,"La Plana",7,0,27.84616,-115.1653
"1162",2017,"La Plana",8,0,27.84616,-115.1653
"1163",2017,"La Plana",9,0,27.84616,-115.1653
"1164",2017,"La Plana",10,0,27.84616,-115.1653
"1165",2017,"La Plana",11,0,27.84616,-115.1653
"1166",2017,"La Plana",12,0,27.84616,-115.1653
"1167",2017,"La Plana",13,0,27.84616,-115.1653
"1168",2017,"La Plana",14,0,27.84616,-115.1653
"1169",2017,"La Plana",15,6,27.84616,-115.1653
"1170",2017,"La Plana",16,0,27.84616,-115.1653
"1171",2017,"La Plana",17,0,27.84616,-115.1653
"1172",2017,"La Plana",18,0,27.84616,-115.1653
"1173",2017,"Punta Prieta",1,0,27.88881,-115.1919
"1174",2017,"Punta Prieta",2,0,27.88881,-115.1919
"1175",2017,"Punta Prieta",3,0,27.88881,-115.1919
"1176",2017,"Punta Prieta",4,0,27.88881,-115.1919
"1177",2017,"Punta Prieta",5,19,27.88881,-115.1919
"1178",2017,"Punta Prieta",6,0,27.88881,-115.1919
"1179",2017,"Punta Prieta",7,0,27.88881,-115.1919
"1180",2017,"Punta Prieta",8,0,27.88881,-115.1919
"1181",2017,"Punta Prieta",9,5,27.88881,-115.1919
"1182",2017,"Punta Prieta",10,2,27.88881,-115.1919
"1183",2017,"Punta Prieta",11,2,27.88881,-115.1919
"1184",2017,"Punta Prieta",12,21,27.88881,-115.1919
"1185",2017,"Punta Prieta",13,1,27.88881,-115.1919
"1186",2017,"Punta Prieta",14,7,27.88881,-115.1919
"1187",2017,"Punta Prieta",15,4,27.88881,-115.1919
"1188",2017,"Punta Prieta",17,5,27.88881,-115.1919
"1189",2017,"Punta Prieta",18,0,27.88881,-115.1919
"1190",2017,"Punta Prieta",19,0,27.88881,-115.1919
"1191",2017,"Punta Prieta",20,0,27.88881,-115.1919
"1192",2018,"Babencho",1,0,27.86058,-115.1888
"1193",2018,"Babencho",2,0,27.86058,-115.1888
"1194",2018,"Babencho",3,0,27.86058,-115.1888
"1195",2018,"Babencho",4,3,27.86058,-115.1888
"1196",2018,"Babencho",5,0,27.86058,-115.1888
"1197",2018,"Babencho",6,0,27.86058,-115.1888
"1198",2018,"Babencho",7,0,27.86058,-115.1888
"1199",2018,"Babencho",8,2,27.86058,-115.1888
"1200",2018,"Babencho",9,0,27.86058,-115.1888
"1201",2018,"Babencho",10,0,27.86058,-115.1888
"1202",2018,"Babencho",11,0,27.86058,-115.1888
"1203",2018,"Babencho",12,0,27.86058,-115.1888
"1204",2018,"Babencho",13,0,27.86058,-115.1888
"1205",2018,"Babencho",14,1,27.86058,-115.1888
"1206",2018,"Babencho",15,0,27.86058,-115.1888
"1207",2018,"Babencho",16,3,27.86058,-115.1888
"1208",2018,"Babencho",17,0,27.86058,-115.1888
"1209",2018,"La Dulce",1,0,27.84501,-115.1428
"1210",2018,"La Dulce",2,2,27.84501,-115.1428
"1211",2018,"La Dulce",3,3,27.84501,-115.1428
"1212",2018,"La Dulce",4,6,27.84501,-115.1428
"1213",2018,"La Dulce",5,0,27.84501,-115.1428
"1214",2018,"La Dulce",6,0,27.84501,-115.1428
"1215",2018,"La Dulce",7,15,27.84501,-115.1428
"1216",2018,"La Dulce",8,0,27.84501,-115.1428
"1217",2018,"La Dulce",9,0,27.84501,-115.1428
"1218",2018,"La Dulce",10,0,27.84501,-115.1428
"1219",2018,"La Dulce",11,3,27.84501,-115.1428
"1220",2018,"La Dulce",12,0,27.84501,-115.1428
"1221",2018,"La Dulce",13,2,27.84501,-115.1428
"1222",2018,"La Dulce",14,0,27.84501,-115.1428
"1223",2018,"La Dulce",15,1,27.84501,-115.1428
"1224",2018,"La Dulce",16,5,27.84501,-115.1428
"1225",2018,"La Dulce",17,9,27.84501,-115.1428
"1226",2018,"La Dulce",18,7,27.84501,-115.1428
"1227",2018,"La Guanera",1,25,27.87691,-115.1699
"1228",2018,"La Guanera",2,5,27.87691,-115.1699
"1229",2018,"La Guanera",3,17,27.87691,-115.1699
"1230",2018,"La Guanera",4,10,27.87691,-115.1699
"1231",2018,"La Guanera",5,8,27.87691,-115.1699
"1232",2018,"La Guanera",6,25,27.87691,-115.1699
"1233",2018,"La Guanera",7,7,27.87691,-115.1699
"1234",2018,"La Guanera",8,11,27.87691,-115.1699
"1235",2018,"La Guanera",9,35,27.87691,-115.1699
"1236",2018,"La Guanera",10,2,27.87691,-115.1699
"1237",2018,"La Guanera",11,29,27.87691,-115.1699
"1238",2018,"La Guanera",12,0,27.87691,-115.1699
"1239",2018,"La Guanera",13,35,27.87691,-115.1699
"1240",2018,"La Guanera",14,20,27.87691,-115.1699
"1241",2018,"La Guanera",15,0,27.87691,-115.1699
"1242",2018,"La Guanera",16,0,27.87691,-115.1699
"1243",2018,"La Guanera",17,1,27.87691,-115.1699
"1244",2018,"La Guanera",18,0,27.87691,-115.1699
"1245",2018,"La Plana",1,1,27.84616,-115.1653
"1246",2018,"La Plana",2,3,27.84616,-115.1653
"1247",2018,"La Plana",3,4,27.84616,-115.1653
"1248",2018,"La Plana",4,6,27.84616,-115.1653
"1249",2018,"La Plana",5,0,27.84616,-115.1653
"1250",2018,"La Plana",6,0,27.84616,-115.1653
"1251",2018,"La Plana",7,2,27.84616,-115.1653
"1252",2018,"La Plana",8,0,27.84616,-115.1653
"1253",2018,"La Plana",9,4,27.84616,-115.1653
"1254",2018,"La Plana",10,4,27.84616,-115.1653
"1255",2018,"La Plana",11,3,27.84616,-115.1653
"1256",2018,"La Plana",12,0,27.84616,-115.1653
"1257",2018,"La Plana",13,1,27.84616,-115.1653
"1258",2018,"La Plana",14,4,27.84616,-115.1653
"1259",2018,"La Plana",15,1,27.84616,-115.1653
"1260",2018,"La Plana",16,0,27.84616,-115.1653
"1261",2018,"La Plana",17,0,27.84616,-115.1653
"1262",2018,"La Plana",18,0,27.84616,-115.1653
"1263",2018,"Punta Prieta",1,3,27.88881,-115.1919
"1264",2018,"Punta Prieta",2,0,27.88881,-115.1919
"1265",2018,"Punta Prieta",3,42,27.88881,-115.1919
"1266",2018,"Punta Prieta",4,3,27.88881,-115.1919
"1267",2018,"Punta Prieta",5,38,27.88881,-115.1919
"1268",2018,"Punta Prieta",6,3,27.88881,-115.1919
"1269",2018,"Punta Prieta",7,0,27.88881,-115.1919
"1270",2018,"Punta Prieta",8,0,27.88881,-115.1919
"1271",2018,"Punta Prieta",9,4,27.88881,-115.1919
"1272",2018,"Punta Prieta",10,3,27.88881,-115.1919
"1273",2018,"Punta Prieta",11,41,27.88881,-115.1919
"1274",2018,"Punta Prieta",12,0,27.88881,-115.1919
"1275",2018,"Punta Prieta",13,45,27.88881,-115.1919
"1276",2018,"Punta Prieta",14,0,27.88881,-115.1919
"1277",2018,"Punta Prieta",15,3,27.88881,-115.1919
"1278",2018,"Punta Prieta",16,12,27.88881,-115.1919
"1279",2018,"Punta Prieta",17,5,27.88881,-115.1919
"1280",2018,"Punta Prieta",18,2,27.88881,-115.1919
"1281",2019,"Babencho",1,0,27.86058,-115.1888
"1282",2019,"Babencho",2,0,27.86058,-115.1888
"1283",2019,"Babencho",3,0,27.86058,-115.1888
"1284",2019,"Babencho",4,0,27.86058,-115.1888
"1285",2019,"Babencho",5,0,27.86058,-115.1888
"1286",2019,"Babencho",6,0,27.86058,-115.1888
"1287",2019,"Babencho",7,0,27.86058,-115.1888
"1288",2019,"Babencho",8,0,27.86058,-115.1888
"1289",2019,"Babencho",9,0,27.86058,-115.1888
"1290",2019,"Babencho",10,0,27.86058,-115.1888
"1291",2019,"Babencho",11,1,27.86058,-115.1888
"1292",2019,"Babencho",12,2,27.86058,-115.1888
"1293",2019,"Babencho",13,0,27.86058,-115.1888
"1294",2019,"Babencho",14,1,27.86058,-115.1888
"1295",2019,"Babencho",15,0,27.86058,-115.1888
"1296",2019,"Babencho",16,5,27.86058,-115.1888
"1297",2019,"La Dulce",1,1,27.84501,-115.1428
"1298",2019,"La Dulce",2,0,27.84501,-115.1428
"1299",2019,"La Dulce",3,0,27.84501,-115.1428
"1300",2019,"La Dulce",4,0,27.84501,-115.1428
"1301",2019,"La Dulce",5,0,27.84501,-115.1428
"1302",2019,"La Dulce",6,0,27.84501,-115.1428
"1303",2019,"La Dulce",7,0,27.84501,-115.1428
"1304",2019,"La Dulce",8,4,27.84501,-115.1428
"1305",2019,"La Dulce",9,19,27.84501,-115.1428
"1306",2019,"La Dulce",10,0,27.84501,-115.1428
"1307",2019,"La Dulce",11,12,27.84501,-115.1428
"1308",2019,"La Dulce",12,4,27.84501,-115.1428
"1309",2019,"La Dulce",13,15,27.84501,-115.1428
"1310",2019,"La Dulce",14,0,27.84501,-115.1428
"1311",2019,"La Dulce",15,1,27.84501,-115.1428
"1312",2019,"La Dulce",16,0,27.84501,-115.1428
"1313",2019,"La Guanera",1,19,27.87691,-115.1699
"1314",2019,"La Guanera",2,15,27.87691,-115.1699
"1315",2019,"La Guanera",3,10,27.87691,-115.1699
"1316",2019,"La Guanera",4,36,27.87691,-115.1699
"1317",2019,"La Guanera",5,2,27.87691,-115.1699
"1318",2019,"La Guanera",6,2,27.87691,-115.1699
"1319",2019,"La Guanera",7,3,27.87691,-115.1699
"1320",2019,"La Guanera",8,29,27.87691,-115.1699
"1321",2019,"La Guanera",9,20,27.87691,-115.1699
"1322",2019,"La Guanera",10,0,27.87691,-115.1699
"1323",2019,"La Guanera",11,19,27.87691,-115.1699
"1324",2019,"La Guanera",12,31,27.87691,-115.1699
"1325",2019,"La Guanera",13,24,27.87691,-115.1699
"1326",2019,"La Guanera",14,27,27.87691,-115.1699
"1327",2019,"La Plana",1,0,27.84616,-115.1653
"1328",2019,"La Plana",2,0,27.84616,-115.1653
"1329",2019,"La Plana",3,0,27.84616,-115.1653
"1330",2019,"La Plana",4,0,27.84616,-115.1653
"1331",2019,"La Plana",5,0,27.84616,-115.1653
"1332",2019,"La Plana",6,2,27.84616,-115.1653
"1333",2019,"La Plana",7,0,27.84616,-115.1653
"1334",2019,"La Plana",8,0,27.84616,-115.1653
"1335",2019,"La Plana",9,0,27.84616,-115.1653
"1336",2019,"La Plana",10,0,27.84616,-115.1653
"1337",2019,"La Plana",11,2,27.84616,-115.1653
"1338",2019,"La Plana",12,0,27.84616,-115.1653
"1339",2019,"La Plana",13,2,27.84616,-115.1653
"1340",2019,"La Plana",14,0,27.84616,-115.1653
"1341",2019,"La Plana",15,2,27.84616,-115.1653
"1342",2019,"La Plana",16,0,27.84616,-115.1653
"1343",2019,"Punta Prieta",1,50,27.88881,-115.1919
"1344",2019,"Punta Prieta",2,0,27.88881,-115.1919
"1345",2019,"Punta Prieta",3,83.33333333,27.88881,-115.1919
"1346",2019,"Punta Prieta",4,0,27.88881,-115.1919
"1347",2019,"Punta Prieta",5,9,27.88881,-115.1919
"1348",2019,"Punta Prieta",6,10,27.88881,-115.1919
"1349",2019,"Punta Prieta",7,5,27.88881,-115.1919
"1350",2019,"Punta Prieta",8,5,27.88881,-115.1919
"1351",2019,"Punta Prieta",9,13,27.88881,-115.1919
"1352",2019,"Punta Prieta",10,0,27.88881,-115.1919
"1353",2019,"Punta Prieta",11,0,27.88881,-115.1919
"1354",2019,"Punta Prieta",12,2,27.88881,-115.1919
"1355",2019,"Punta Prieta",13,0,27.88881,-115.1919
"1356",2019,"Punta Prieta",14,23,27.88881,-115.1919
"1357",2019,"Punta Prieta",15,35,27.88881,-115.1919
"1358",2019,"Punta Prieta",16,0,27.88881,-115.1919
"1359",2019,"Punta Prieta",17,8,27.88881,-115.1919
"1360",2019,"Punta Prieta",18,0,27.88881,-115.1919
"1361",2019,"Punta Prieta",19,51.72413793,27.88881,-115.1919
"1362",2019,"Punta Prieta",20,0,27.88881,-115.1919
"1363",2020,"Babencho",1,0,27.86058,-115.1888
"1364",2020,"Babencho",2,0,27.86058,-115.1888
"1365",2020,"Babencho",3,0,27.86058,-115.1888
"1366",2020,"Babencho",4,0,27.86058,-115.1888
"1367",2020,"Babencho",5,0,27.86058,-115.1888
"1368",2020,"Babencho",6,3,27.86058,-115.1888
"1369",2020,"Babencho",7,2,27.86058,-115.1888
"1370",2020,"Babencho",8,0,27.86058,-115.1888
"1371",2020,"Babencho",9,0,27.86058,-115.1888
"1372",2020,"Babencho",10,1,27.86058,-115.1888
"1373",2020,"Babencho",11,3,27.86058,-115.1888
"1374",2020,"Babencho",12,0,27.86058,-115.1888
"1375",2020,"La Dulce",1,0,27.84501,-115.1428
"1376",2020,"La Dulce",2,10,27.84501,-115.1428
"1377",2020,"La Dulce",3,0,27.84501,-115.1428
"1378",2020,"La Dulce",4,18,27.84501,-115.1428
"1379",2020,"La Dulce",5,0,27.84501,-115.1428
"1380",2020,"La Dulce",6,23,27.84501,-115.1428
"1381",2020,"La Dulce",7,0,27.84501,-115.1428
"1382",2020,"La Dulce",8,28,27.84501,-115.1428
"1383",2020,"La Dulce",9,0,27.84501,-115.1428
"1384",2020,"La Dulce",10,37,27.84501,-115.1428
"1385",2020,"La Dulce",11,3,27.84501,-115.1428
"1386",2020,"La Dulce",12,7,27.84501,-115.1428
"1387",2020,"La Dulce",13,12,27.84501,-115.1428
"1388",2020,"La Dulce",14,20,27.84501,-115.1428
"1389",2020,"La Dulce",15,0,27.84501,-115.1428
"1390",2020,"La Dulce",16,4,27.84501,-115.1428
"1391",2020,"La Dulce",17,12,27.84501,-115.1428
"1392",2020,"La Dulce",18,7,27.84501,-115.1428
"1393",2020,"La Guanera",1,5,27.87691,-115.1699
"1394",2020,"La Guanera",2,5,27.87691,-115.1699
"1395",2020,"La Guanera",3,29,27.87691,-115.1699
"1396",2020,"La Guanera",4,13,27.87691,-115.1699
"1397",2020,"La Guanera",5,25,27.87691,-115.1699
"1398",2020,"La Guanera",6,2,27.87691,-115.1699
"1399",2020,"La Guanera",7,24,27.87691,-115.1699
"1400",2020,"La Guanera",8,31,27.87691,-115.1699
"1401",2020,"La Guanera",9,0,27.87691,-115.1699
"1402",2020,"La Guanera",10,3,27.87691,-115.1699
"1403",2020,"La Guanera",11,19,27.87691,-115.1699
"1404",2020,"La Guanera",12,3,27.87691,-115.1699
"1405",2020,"La Guanera",13,30,27.87691,-115.1699
"1406",2020,"La Guanera",14,11,27.87691,-115.1699
"1407",2020,"La Guanera",15,32,27.87691,-115.1699
"1408",2020,"La Guanera",16,12,27.87691,-115.1699
"1409",2020,"La Guanera",17,50,27.87691,-115.1699
"1410",2020,"La Guanera",18,16,27.87691,-115.1699
"1411",2020,"La Plana",1,0,27.84616,-115.1653
"1412",2020,"La Plana",2,0,27.84616,-115.1653
"1413",2020,"La Plana",3,4,27.84616,-115.1653
"1414",2020,"La Plana",4,0,27.84616,-115.1653
"1415",2020,"La Plana",5,9,27.84616,-115.1653
"1416",2020,"La Plana",6,3,27.84616,-115.1653
"1417",2020,"La Plana",7,6,27.84616,-115.1653
"1418",2020,"La Plana",8,0,27.84616,-115.1653
"1419",2020,"La Plana",9,9,27.84616,-115.1653
"1420",2020,"La Plana",10,0,27.84616,-115.1653
"1421",2020,"La Plana",11,0,27.84616,-115.1653
"1422",2020,"La Plana",12,0,27.84616,-115.1653
"1423",2020,"La Plana",13,0,27.84616,-115.1653
"1424",2020,"La Plana",14,0,27.84616,-115.1653
"1425",2020,"La Plana",15,0,27.84616,-115.1653
"1426",2020,"La Plana",16,0,27.84616,-115.1653
"1427",2020,"La Plana",17,0,27.84616,-115.1653
"1428",2020,"La Plana",18,0,27.84616,-115.1653
"1429",2020,"La Plana",19,0,27.84616,-115.1653
"1430",2020,"La Plana",20,0,27.84616,-115.1653
"1431",2020,"Punta Prieta",1,14,27.88881,-115.1919
"1432",2020,"Punta Prieta",2,0,27.88881,-115.1919
"1433",2020,"Punta Prieta",3,4,27.88881,-115.1919
"1434",2020,"Punta Prieta",4,8,27.88881,-115.1919
"1435",2020,"Punta Prieta",5,50,27.88881,-115.1919
"1436",2020,"Punta Prieta",6,50,27.88881,-115.1919
"1437",2020,"Punta Prieta",7,31,27.88881,-115.1919
"1438",2020,"Punta Prieta",8,11,27.88881,-115.1919
"1439",2020,"Punta Prieta",9,30,27.88881,-115.1919
"1440",2020,"Punta Prieta",10,0,27.88881,-115.1919
"1441",2020,"Punta Prieta",11,25,27.88881,-115.1919
"1442",2020,"Punta Prieta",12,0,27.88881,-115.1919
"1443",2020,"Punta Prieta",13,50,27.88881,-115.1919
"1444",2020,"Punta Prieta",14,28,27.88881,-115.1919
"1445",2020,"Punta Prieta",15,30,27.88881,-115.1919
"1446",2020,"Punta Prieta",16,7,27.88881,-115.1919
"1447",2020,"Punta Prieta",17,11,27.88881,-115.1919
"1448",2020,"Punta Prieta",18,10,27.88881,-115.1919
"1449",2021,"Babencho",1,4,27.86058,-115.1888
"1450",2021,"Babencho",2,1,27.86058,-115.1888
"1451",2021,"Babencho",3,0,27.86058,-115.1888
"1452",2021,"Babencho",4,1,27.86058,-115.1888
"1453",2021,"Babencho",5,13,27.86058,-115.1888
"1454",2021,"Babencho",6,1,27.86058,-115.1888
"1455",2021,"Babencho",7,0,27.86058,-115.1888
"1456",2021,"Babencho",8,7,27.86058,-115.1888
"1457",2021,"Babencho",9,0,27.86058,-115.1888
"1458",2021,"Babencho",10,8,27.86058,-115.1888
"1459",2021,"Babencho",11,5,27.86058,-115.1888
"1460",2021,"Babencho",12,7,27.86058,-115.1888
"1461",2021,"Babencho",13,21,27.86058,-115.1888
"1462",2021,"Babencho",14,9,27.86058,-115.1888
"1463",2021,"Babencho",15,0,27.86058,-115.1888
"1464",2021,"Babencho",16,0,27.86058,-115.1888
"1465",2021,"Babencho",17,7,27.86058,-115.1888
"1466",2021,"Babencho",18,8,27.86058,-115.1888
"1467",2021,"La Dulce",1,2,27.84501,-115.1428
"1468",2021,"La Dulce",2,3,27.84501,-115.1428
"1469",2021,"La Dulce",3,0,27.84501,-115.1428
"1470",2021,"La Dulce",4,9,27.84501,-115.1428
"1471",2021,"La Dulce",5,2,27.84501,-115.1428
"1472",2021,"La Dulce",6,4,27.84501,-115.1428
"1473",2021,"La Dulce",7,15,27.84501,-115.1428
"1474",2021,"La Dulce",8,10,27.84501,-115.1428
"1475",2021,"La Dulce",9,1,27.84501,-115.1428
"1476",2021,"La Dulce",10,11,27.84501,-115.1428
"1477",2021,"La Dulce",11,0,27.84501,-115.1428
"1478",2021,"La Dulce",12,20,27.84501,-115.1428
"1479",2021,"La Dulce",13,25,27.84501,-115.1428
"1480",2021,"La Dulce",14,1,27.84501,-115.1428
"1481",2021,"La Dulce",15,2,27.84501,-115.1428
"1482",2021,"La Dulce",16,0,27.84501,-115.1428
"1483",2021,"La Dulce",17,0,27.84501,-115.1428
"1484",2021,"La Dulce",18,7,27.84501,-115.1428
"1485",2021,"La Guanera",1,0,27.87691,-115.1699
"1486",2021,"La Guanera",2,8,27.87691,-115.1699
"1487",2021,"La Guanera",3,6,27.87691,-115.1699
"1488",2021,"La Guanera",4,0,27.87691,-115.1699
"1489",2021,"La Guanera",5,0,27.87691,-115.1699
"1490",2021,"La Guanera",6,15,27.87691,-115.1699
"1491",2021,"La Guanera",7,0,27.87691,-115.1699
"1492",2021,"La Guanera",8,0,27.87691,-115.1699
"1493",2021,"La Guanera",9,3,27.87691,-115.1699
"1494",2021,"La Guanera",10,7,27.87691,-115.1699
"1495",2021,"La Guanera",11,19,27.87691,-115.1699
"1496",2021,"La Guanera",12,6,27.87691,-115.1699
"1497",2021,"La Guanera",13,26,27.87691,-115.1699
"1498",2021,"La Guanera",14,0,27.87691,-115.1699
"1499",2021,"La Guanera",15,3,27.87691,-115.1699
"1500",2021,"La Guanera",16,0,27.87691,-115.1699
"1501",2021,"La Guanera",17,3,27.87691,-115.1699
"1502",2021,"La Guanera",18,2,27.87691,-115.1699
"1503",2021,"La Guanera",19,0,27.87691,-115.1699
"1504",2021,"La Plana",1,9,27.84616,-115.1653
"1505",2021,"La Plana",2,6,27.84616,-115.1653
"1506",2021,"La Plana",3,0,27.84616,-115.1653
"1507",2021,"La Plana",4,6,27.84616,-115.1653
"1508",2021,"La Plana",5,19,27.84616,-115.1653
"1509",2021,"La Plana",6,9,27.84616,-115.1653
"1510",2021,"La Plana",7,1,27.84616,-115.1653
"1511",2021,"La Plana",8,0,27.84616,-115.1653
"1512",2021,"La Plana",9,2,27.84616,-115.1653
"1513",2021,"La Plana",10,0,27.84616,-115.1653
"1514",2021,"La Plana",11,12,27.84616,-115.1653
"1515",2021,"La Plana",12,0,27.84616,-115.1653
"1516",2021,"La Plana",13,0,27.84616,-115.1653
"1517",2021,"La Plana",14,0,27.84616,-115.1653
"1518",2021,"La Plana",15,6,27.84616,-115.1653
"1519",2021,"La Plana",16,1,27.84616,-115.1653
"1520",2021,"La Plana",17,0,27.84616,-115.1653
"1521",2021,"La Plana",18,0,27.84616,-115.1653
"1522",2021,"Punta Prieta",1,0,27.88881,-115.1919
"1523",2021,"Punta Prieta",2,30,27.88881,-115.1919
"1524",2021,"Punta Prieta",3,33,27.88881,-115.1919
"1525",2021,"Punta Prieta",4,16,27.88881,-115.1919
"1526",2021,"Punta Prieta",5,0,27.88881,-115.1919
"1527",2021,"Punta Prieta",6,20,27.88881,-115.1919
"1528",2021,"Punta Prieta",7,11,27.88881,-115.1919
"1529",2021,"Punta Prieta",8,16,27.88881,-115.1919
"1530",2021,"Punta Prieta",9,12,27.88881,-115.1919
"1531",2021,"Punta Prieta",10,15,27.88881,-115.1919
"1532",2021,"Punta Prieta",11,20,27.88881,-115.1919
"1533",2021,"Punta Prieta",12,17,27.88881,-115.1919
"1534",2021,"Punta Prieta",13,5,27.88881,-115.1919
"1535",2021,"Punta Prieta",14,1,27.88881,-115.1919
"1536",2021,"Punta Prieta",15,0,27.88881,-115.1919
"1537",2021,"Punta Prieta",16,1,27.88881,-115.1919
"1538",2021,"Punta Prieta",17,2,27.88881,-115.1919
"1539",2021,"Punta Prieta",18,1,27.88881,-115.1919
"1540",2021,"Punta Prieta",19,0,27.88881,-115.1919
"1541",2022,"Babencho",1,2,27.86058,-115.1888
"1542",2022,"Babencho",2,0,27.86058,-115.1888
"1543",2022,"Babencho",3,0,27.86058,-115.1888
"1544",2022,"Babencho",4,0,27.86058,-115.1888
"1545",2022,"Babencho",5,2,27.86058,-115.1888
"1546",2022,"Babencho",6,0,27.86058,-115.1888
"1547",2022,"Babencho",7,0,27.86058,-115.1888
"1548",2022,"Babencho",8,0,27.86058,-115.1888
"1549",2022,"Babencho",9,0,27.86058,-115.1888
"1550",2022,"Babencho",10,1,27.86058,-115.1888
"1551",2022,"Babencho",11,0,27.86058,-115.1888
"1552",2022,"Babencho",12,2,27.86058,-115.1888
"1553",2022,"Babencho",13,2,27.86058,-115.1888
"1554",2022,"Babencho",14,0,27.86058,-115.1888
"1555",2022,"Babencho",15,0,27.86058,-115.1888
"1556",2022,"Babencho",16,0,27.86058,-115.1888
"1557",2022,"La Dulce",1,2,27.84501,-115.1428
"1558",2022,"La Dulce",2,13,27.84501,-115.1428
"1559",2022,"La Dulce",3,2,27.84501,-115.1428
"1560",2022,"La Dulce",4,8,27.84501,-115.1428
"1561",2022,"La Dulce",5,0,27.84501,-115.1428
"1562",2022,"La Dulce",6,9,27.84501,-115.1428
"1563",2022,"La Dulce",7,1,27.84501,-115.1428
"1564",2022,"La Dulce",8,5,27.84501,-115.1428
"1565",2022,"La Dulce",9,4,27.84501,-115.1428
"1566",2022,"La Dulce",10,0,27.84501,-115.1428
"1567",2022,"La Dulce",11,0,27.84501,-115.1428
"1568",2022,"La Dulce",12,25,27.84501,-115.1428
"1569",2022,"La Dulce",13,16,27.84501,-115.1428
"1570",2022,"La Dulce",14,1,27.84501,-115.1428
"1571",2022,"La Dulce",15,2,27.84501,-115.1428
"1572",2022,"La Dulce",16,24,27.84501,-115.1428
"1573",2022,"La Guanera",1,4,27.87691,-115.1699
"1574",2022,"La Guanera",2,19,27.87691,-115.1699
"1575",2022,"La Guanera",3,0,27.87691,-115.1699
"1576",2022,"La Guanera",4,15,27.87691,-115.1699
"1577",2022,"La Guanera",5,8,27.87691,-115.1699
"1578",2022,"La Guanera",6,39,27.87691,-115.1699
"1579",2022,"La Guanera",7,0,27.87691,-115.1699
"1580",2022,"La Guanera",8,5,27.87691,-115.1699
"1581",2022,"La Guanera",9,23,27.87691,-115.1699
"1582",2022,"La Guanera",10,4,27.87691,-115.1699
"1583",2022,"La Guanera",11,6,27.87691,-115.1699
"1584",2022,"La Guanera",12,4,27.87691,-115.1699
"1585",2022,"La Guanera",13,3,27.87691,-115.1699
"1586",2022,"La Guanera",14,14,27.87691,-115.1699
"1587",2022,"La Guanera",15,4,27.87691,-115.1699
"1588",2022,"La Guanera",16,7,27.87691,-115.1699
"1589",2022,"La Plana",1,5,27.84616,-115.1653
"1590",2022,"La Plana",2,17,27.84616,-115.1653
"1591",2022,"La Plana",3,0,27.84616,-115.1653
"1592",2022,"La Plana",4,0,27.84616,-115.1653
"1593",2022,"La Plana",5,0,27.84616,-115.1653
"1594",2022,"La Plana",6,2,27.84616,-115.1653
"1595",2022,"La Plana",7,0,27.84616,-115.1653
"1596",2022,"La Plana",8,0,27.84616,-115.1653
"1597",2022,"La Plana",9,0,27.84616,-115.1653
"1598",2022,"La Plana",10,0,27.84616,-115.1653
"1599",2022,"La Plana",11,0,27.84616,-115.1653
"1600",2022,"La Plana",12,25,27.84616,-115.1653
"1601",2022,"La Plana",13,0,27.84616,-115.1653
"1602",2022,"La Plana",14,5,27.84616,-115.1653
"1603",2022,"La Plana",15,0,27.84616,-115.1653
"1604",2022,"La Plana",16,0,27.84616,-115.1653
"1605",2022,"La Plana",17,0,27.84616,-115.1653
"1606",2022,"La Plana",18,0,27.84616,-115.1653
"1607",2022,"Punta Prieta",1,1,27.88881,-115.1919
"1608",2022,"Punta Prieta",2,2,27.88881,-115.1919
"1609",2022,"Punta Prieta",3,0,27.88881,-115.1919
"1610",2022,"Punta Prieta",4,0,27.88881,-115.1919
"1611",2022,"Punta Prieta",5,32,27.88881,-115.1919
"1612",2022,"Punta Prieta",6,0,27.88881,-115.1919
"1613",2022,"Punta Prieta",7,30,27.88881,-115.1919
"1614",2022,"Punta Prieta",8,3,27.88881,-115.1919
"1615",2022,"Punta Prieta",9,18,27.88881,-115.1919
"1616",2022,"Punta Prieta",10,0,27.88881,-115.1919
"1617",2022,"Punta Prieta",11,35,27.88881,-115.1919
"1618",2022,"Punta Prieta",12,3,27.88881,-115.1919
"1619",2022,"Punta Prieta",13,23,27.88881,-115.1919
"1620",2022,"Punta Prieta",14,0,27.88881,-115.1919
"1621",2022,"Punta Prieta",15,2,27.88881,-115.1919
"1622",2022,"Punta Prieta",16,10,27.88881,-115.1919
"1623",2023,"Babencho",1,0,27.86058,-115.1888
"1624",2023,"Babencho",2,0,27.86058,-115.1888
"1625",2023,"Babencho",3,12,27.86058,-115.1888
"1626",2023,"Babencho",4,0,27.86058,-115.1888
"1627",2023,"Babencho",5,0,27.86058,-115.1888
"1628",2023,"Babencho",6,0,27.86058,-115.1888
"1629",2023,"Babencho",7,4,27.86058,-115.1888
"1630",2023,"Babencho",8,0,27.86058,-115.1888
"1631",2023,"Babencho",9,0,27.86058,-115.1888
"1632",2023,"Babencho",10,1,27.86058,-115.1888
"1633",2023,"Babencho",11,1,27.86058,-115.1888
"1634",2023,"Babencho",12,0,27.86058,-115.1888
"1635",2023,"Babencho",13,12,27.86058,-115.1888
"1636",2023,"Babencho",14,2,27.86058,-115.1888
"1637",2023,"Babencho",15,1,27.86058,-115.1888
"1638",2023,"Babencho",16,0,27.86058,-115.1888
"1639",2023,"La Dulce",1,3,27.84501,-115.1428
"1640",2023,"La Dulce",2,4,27.84501,-115.1428
"1641",2023,"La Dulce",3,49,27.84501,-115.1428
"1642",2023,"La Dulce",4,22,27.84501,-115.1428
"1643",2023,"La Dulce",5,17,27.84501,-115.1428
"1644",2023,"La Dulce",6,8,27.84501,-115.1428
"1645",2023,"La Dulce",7,9,27.84501,-115.1428
"1646",2023,"La Dulce",8,12,27.84501,-115.1428
"1647",2023,"La Dulce",9,2,27.84501,-115.1428
"1648",2023,"La Dulce",10,0,27.84501,-115.1428
"1649",2023,"La Dulce",11,26,27.84501,-115.1428
"1650",2023,"La Dulce",12,39,27.84501,-115.1428
"1651",2023,"La Dulce",13,18,27.84501,-115.1428
"1652",2023,"La Dulce",14,15,27.84501,-115.1428
"1653",2023,"La Dulce",15,8,27.84501,-115.1428
"1654",2023,"La Dulce",16,33,27.84501,-115.1428
"1655",2023,"La Guanera",1,6,27.87691,-115.1699
"1656",2023,"La Guanera",2,1,27.87691,-115.1699
"1657",2023,"La Guanera",3,3,27.87691,-115.1699
"1658",2023,"La Guanera",4,14,27.87691,-115.1699
"1659",2023,"La Guanera",5,33,27.87691,-115.1699
"1660",2023,"La Guanera",6,14,27.87691,-115.1699
"1661",2023,"La Guanera",7,29,27.87691,-115.1699
"1662",2023,"La Guanera",8,12,27.87691,-115.1699
"1663",2023,"La Guanera",9,5,27.87691,-115.1699
"1664",2023,"La Guanera",10,4,27.87691,-115.1699
"1665",2023,"La Guanera",11,0,27.87691,-115.1699
"1666",2023,"La Guanera",12,9,27.87691,-115.1699
"1667",2023,"La Guanera",13,24,27.87691,-115.1699
"1668",2023,"La Guanera",14,24,27.87691,-115.1699
"1669",2023,"La Guanera",15,14,27.87691,-115.1699
"1670",2023,"La Guanera",16,19,27.87691,-115.1699
"1671",2023,"La Plana",1,0,27.84616,-115.1653
"1672",2023,"La Plana",2,0,27.84616,-115.1653
"1673",2023,"La Plana",3,2,27.84616,-115.1653
"1674",2023,"La Plana",4,0,27.84616,-115.1653
"1675",2023,"La Plana",5,0,27.84616,-115.1653
"1676",2023,"La Plana",6,0,27.84616,-115.1653
"1677",2023,"La Plana",7,0,27.84616,-115.1653
"1678",2023,"La Plana",8,0,27.84616,-115.1653
"1679",2023,"La Plana",9,2,27.84616,-115.1653
"1680",2023,"La Plana",10,1,27.84616,-115.1653
"1681",2023,"La Plana",11,4,27.84616,-115.1653
"1682",2023,"La Plana",12,7,27.84616,-115.1653
"1683",2023,"La Plana",13,1,27.84616,-115.1653
"1684",2023,"La Plana",14,4,27.84616,-115.1653
"1685",2023,"La Plana",15,0,27.84616,-115.1653
"1686",2023,"La Plana",16,6,27.84616,-115.1653
"1687",2023,"Punta Prieta",1,0,27.88881,-115.1919
"1688",2023,"Punta Prieta",2,1,27.88881,-115.1919
"1689",2023,"Punta Prieta",3,1,27.88881,-115.1919
"1690",2023,"Punta Prieta",4,4,27.88881,-115.1919
"1691",2023,"Punta Prieta",5,5,27.88881,-115.1919
"1692",2023,"Punta Prieta",6,1,27.88881,-115.1919
"1693",2023,"Punta Prieta",7,3,27.88881,-115.1919
"1694",2023,"Punta Prieta",8,5,27.88881,-115.1919
"1695",2023,"Punta Prieta",9,0,27.88881,-115.1919
"1696",2023,"Punta Prieta",10,0,27.88881,-115.1919
"1697",2023,"Punta Prieta",11,6,27.88881,-115.1919
"1698",2023,"Punta Prieta",12,0,27.88881,-115.1919
"1699",2023,"Punta Prieta",13,28,27.88881,-115.1919
"1700",2023,"Punta Prieta",14,0,27.88881,-115.1919
"1701",2023,"Punta Prieta",15,16,27.88881,-115.1919
"1702",2023,"Punta Prieta",16,1,27.88881,-115.1919
